"","characters","build","kart","tires","glider","speed","acceleration","weight","handling","traction","turbo","total","avg_performance_score"
"1","Baby Mario/Luigi","Tanooki Kart,Roller,Parachute","Tanooki Kart","Roller","Parachute",1.5,4.5,1.5,5,3.75,5.75,22,3.8
"2"," Dry Bones","Tanooki Kart,Roller,Parachute","Tanooki Kart","Roller","Parachute",1.5,4.5,1.5,5,3.75,5.75,22,3.8
"3","Baby Mario/Luigi","Tanooki Kart,Roller,Cloud Glider","Tanooki Kart","Roller","Cloud Glider",1.5,4.5,1.5,5,3.75,5.75,22,3.8
"4"," Dry Bones","Tanooki Kart,Roller,Cloud Glider","Tanooki Kart","Roller","Cloud Glider",1.5,4.5,1.5,5,3.75,5.75,22,3.8
"5","Baby Mario/Luigi","Tanooki Kart,Roller,Flower Glider","Tanooki Kart","Roller","Flower Glider",1.5,4.5,1.5,5,3.75,5.75,22,3.8
"6"," Dry Bones","Tanooki Kart,Roller,Flower Glider","Tanooki Kart","Roller","Flower Glider",1.5,4.5,1.5,5,3.75,5.75,22,3.8
"7","Baby Mario/Luigi","Tanooki Kart,Roller,Peach Parasol","Tanooki Kart","Roller","Peach Parasol",1.5,4.5,1.5,5,3.75,5.75,22,3.8
"8"," Dry Bones","Tanooki Kart,Roller,Peach Parasol","Tanooki Kart","Roller","Peach Parasol",1.5,4.5,1.5,5,3.75,5.75,22,3.8
"9","Baby Mario/Luigi","Tanooki Kart,Roller,Paper Glider","Tanooki Kart","Roller","Paper Glider",1.5,4.5,1.5,5,3.75,5.75,22,3.8
"10"," Dry Bones","Tanooki Kart,Roller,Paper Glider","Tanooki Kart","Roller","Paper Glider",1.5,4.5,1.5,5,3.75,5.75,22,3.8
"11","Baby Mario/Luigi","Tanooki Kart,Azure Roller,Parachute","Tanooki Kart","Azure Roller","Parachute",1.5,4.5,1.5,5,3.75,5.75,22,3.8
"12"," Dry Bones","Tanooki Kart,Azure Roller,Parachute","Tanooki Kart","Azure Roller","Parachute",1.5,4.5,1.5,5,3.75,5.75,22,3.8
"13","Baby Mario/Luigi","Tanooki Kart,Azure Roller,Cloud Glider","Tanooki Kart","Azure Roller","Cloud Glider",1.5,4.5,1.5,5,3.75,5.75,22,3.8
"14"," Dry Bones","Tanooki Kart,Azure Roller,Cloud Glider","Tanooki Kart","Azure Roller","Cloud Glider",1.5,4.5,1.5,5,3.75,5.75,22,3.8
"15","Baby Mario/Luigi","Tanooki Kart,Azure Roller,Flower Glider","Tanooki Kart","Azure Roller","Flower Glider",1.5,4.5,1.5,5,3.75,5.75,22,3.8
"16"," Dry Bones","Tanooki Kart,Azure Roller,Flower Glider","Tanooki Kart","Azure Roller","Flower Glider",1.5,4.5,1.5,5,3.75,5.75,22,3.8
"17","Baby Mario/Luigi","Tanooki Kart,Azure Roller,Peach Parasol","Tanooki Kart","Azure Roller","Peach Parasol",1.5,4.5,1.5,5,3.75,5.75,22,3.8
"18"," Dry Bones","Tanooki Kart,Azure Roller,Peach Parasol","Tanooki Kart","Azure Roller","Peach Parasol",1.5,4.5,1.5,5,3.75,5.75,22,3.8
"19","Baby Mario/Luigi","Tanooki Kart,Azure Roller,Paper Glider","Tanooki Kart","Azure Roller","Paper Glider",1.5,4.5,1.5,5,3.75,5.75,22,3.8
"20"," Dry Bones","Tanooki Kart,Azure Roller,Paper Glider","Tanooki Kart","Azure Roller","Paper Glider",1.5,4.5,1.5,5,3.75,5.75,22,3.8
"21","Baby Mario/Luigi","Koopa Clown,Roller,Parachute","Koopa Clown","Roller","Parachute",1.5,4.5,1.5,5,3.75,5.75,22,3.8
"22"," Dry Bones","Koopa Clown,Roller,Parachute","Koopa Clown","Roller","Parachute",1.5,4.5,1.5,5,3.75,5.75,22,3.8
"23","Baby Mario/Luigi","Koopa Clown,Roller,Cloud Glider","Koopa Clown","Roller","Cloud Glider",1.5,4.5,1.5,5,3.75,5.75,22,3.8
"24"," Dry Bones","Koopa Clown,Roller,Cloud Glider","Koopa Clown","Roller","Cloud Glider",1.5,4.5,1.5,5,3.75,5.75,22,3.8
"25","Baby Mario/Luigi","Koopa Clown,Roller,Flower Glider","Koopa Clown","Roller","Flower Glider",1.5,4.5,1.5,5,3.75,5.75,22,3.8
"26"," Dry Bones","Koopa Clown,Roller,Flower Glider","Koopa Clown","Roller","Flower Glider",1.5,4.5,1.5,5,3.75,5.75,22,3.8
"27","Baby Mario/Luigi","Koopa Clown,Roller,Peach Parasol","Koopa Clown","Roller","Peach Parasol",1.5,4.5,1.5,5,3.75,5.75,22,3.8
"28"," Dry Bones","Koopa Clown,Roller,Peach Parasol","Koopa Clown","Roller","Peach Parasol",1.5,4.5,1.5,5,3.75,5.75,22,3.8
"29","Baby Mario/Luigi","Koopa Clown,Roller,Paper Glider","Koopa Clown","Roller","Paper Glider",1.5,4.5,1.5,5,3.75,5.75,22,3.8
"30"," Dry Bones","Koopa Clown,Roller,Paper Glider","Koopa Clown","Roller","Paper Glider",1.5,4.5,1.5,5,3.75,5.75,22,3.8
"31","Baby Mario/Luigi","Koopa Clown,Azure Roller,Parachute","Koopa Clown","Azure Roller","Parachute",1.5,4.5,1.5,5,3.75,5.75,22,3.8
"32"," Dry Bones","Koopa Clown,Azure Roller,Parachute","Koopa Clown","Azure Roller","Parachute",1.5,4.5,1.5,5,3.75,5.75,22,3.8
"33","Baby Mario/Luigi","Koopa Clown,Azure Roller,Cloud Glider","Koopa Clown","Azure Roller","Cloud Glider",1.5,4.5,1.5,5,3.75,5.75,22,3.8
"34"," Dry Bones","Koopa Clown,Azure Roller,Cloud Glider","Koopa Clown","Azure Roller","Cloud Glider",1.5,4.5,1.5,5,3.75,5.75,22,3.8
"35","Baby Mario/Luigi","Koopa Clown,Azure Roller,Flower Glider","Koopa Clown","Azure Roller","Flower Glider",1.5,4.5,1.5,5,3.75,5.75,22,3.8
"36"," Dry Bones","Koopa Clown,Azure Roller,Flower Glider","Koopa Clown","Azure Roller","Flower Glider",1.5,4.5,1.5,5,3.75,5.75,22,3.8
"37","Baby Mario/Luigi","Koopa Clown,Azure Roller,Peach Parasol","Koopa Clown","Azure Roller","Peach Parasol",1.5,4.5,1.5,5,3.75,5.75,22,3.8
"38"," Dry Bones","Koopa Clown,Azure Roller,Peach Parasol","Koopa Clown","Azure Roller","Peach Parasol",1.5,4.5,1.5,5,3.75,5.75,22,3.8
"39","Baby Mario/Luigi","Koopa Clown,Azure Roller,Paper Glider","Koopa Clown","Azure Roller","Paper Glider",1.5,4.5,1.5,5,3.75,5.75,22,3.8
"40"," Dry Bones","Koopa Clown,Azure Roller,Paper Glider","Koopa Clown","Azure Roller","Paper Glider",1.5,4.5,1.5,5,3.75,5.75,22,3.8
"41","Baby Peach","Tanooki Kart,Roller,Parachute","Tanooki Kart","Roller","Parachute",1.25,4.25,1.5,5.5,4,6,22.5,3.75
"42"," Baby Daisy","Tanooki Kart,Roller,Parachute","Tanooki Kart","Roller","Parachute",1.25,4.25,1.5,5.5,4,6,22.5,3.75
"43","Baby Peach","Tanooki Kart,Roller,Cloud Glider","Tanooki Kart","Roller","Cloud Glider",1.25,4.25,1.5,5.5,4,6,22.5,3.75
"44"," Baby Daisy","Tanooki Kart,Roller,Cloud Glider","Tanooki Kart","Roller","Cloud Glider",1.25,4.25,1.5,5.5,4,6,22.5,3.75
"45","Baby Peach","Tanooki Kart,Roller,Flower Glider","Tanooki Kart","Roller","Flower Glider",1.25,4.25,1.5,5.5,4,6,22.5,3.75
"46"," Baby Daisy","Tanooki Kart,Roller,Flower Glider","Tanooki Kart","Roller","Flower Glider",1.25,4.25,1.5,5.5,4,6,22.5,3.75
"47","Baby Peach","Tanooki Kart,Roller,Peach Parasol","Tanooki Kart","Roller","Peach Parasol",1.25,4.25,1.5,5.5,4,6,22.5,3.75
"48"," Baby Daisy","Tanooki Kart,Roller,Peach Parasol","Tanooki Kart","Roller","Peach Parasol",1.25,4.25,1.5,5.5,4,6,22.5,3.75
"49","Baby Peach","Tanooki Kart,Roller,Paper Glider","Tanooki Kart","Roller","Paper Glider",1.25,4.25,1.5,5.5,4,6,22.5,3.75
"50"," Baby Daisy","Tanooki Kart,Roller,Paper Glider","Tanooki Kart","Roller","Paper Glider",1.25,4.25,1.5,5.5,4,6,22.5,3.75
"51","Baby Peach","Tanooki Kart,Azure Roller,Parachute","Tanooki Kart","Azure Roller","Parachute",1.25,4.25,1.5,5.5,4,6,22.5,3.75
"52"," Baby Daisy","Tanooki Kart,Azure Roller,Parachute","Tanooki Kart","Azure Roller","Parachute",1.25,4.25,1.5,5.5,4,6,22.5,3.75
"53","Baby Peach","Tanooki Kart,Azure Roller,Cloud Glider","Tanooki Kart","Azure Roller","Cloud Glider",1.25,4.25,1.5,5.5,4,6,22.5,3.75
"54"," Baby Daisy","Tanooki Kart,Azure Roller,Cloud Glider","Tanooki Kart","Azure Roller","Cloud Glider",1.25,4.25,1.5,5.5,4,6,22.5,3.75
"55","Baby Peach","Tanooki Kart,Azure Roller,Flower Glider","Tanooki Kart","Azure Roller","Flower Glider",1.25,4.25,1.5,5.5,4,6,22.5,3.75
"56"," Baby Daisy","Tanooki Kart,Azure Roller,Flower Glider","Tanooki Kart","Azure Roller","Flower Glider",1.25,4.25,1.5,5.5,4,6,22.5,3.75
"57","Baby Peach","Tanooki Kart,Azure Roller,Peach Parasol","Tanooki Kart","Azure Roller","Peach Parasol",1.25,4.25,1.5,5.5,4,6,22.5,3.75
"58"," Baby Daisy","Tanooki Kart,Azure Roller,Peach Parasol","Tanooki Kart","Azure Roller","Peach Parasol",1.25,4.25,1.5,5.5,4,6,22.5,3.75
"59","Baby Peach","Tanooki Kart,Azure Roller,Paper Glider","Tanooki Kart","Azure Roller","Paper Glider",1.25,4.25,1.5,5.5,4,6,22.5,3.75
"60"," Baby Daisy","Tanooki Kart,Azure Roller,Paper Glider","Tanooki Kart","Azure Roller","Paper Glider",1.25,4.25,1.5,5.5,4,6,22.5,3.75
"61","Baby Peach","Koopa Clown,Roller,Parachute","Koopa Clown","Roller","Parachute",1.25,4.25,1.5,5.5,4,6,22.5,3.75
"62"," Baby Daisy","Koopa Clown,Roller,Parachute","Koopa Clown","Roller","Parachute",1.25,4.25,1.5,5.5,4,6,22.5,3.75
"63","Baby Peach","Koopa Clown,Roller,Cloud Glider","Koopa Clown","Roller","Cloud Glider",1.25,4.25,1.5,5.5,4,6,22.5,3.75
"64"," Baby Daisy","Koopa Clown,Roller,Cloud Glider","Koopa Clown","Roller","Cloud Glider",1.25,4.25,1.5,5.5,4,6,22.5,3.75
"65","Baby Peach","Koopa Clown,Roller,Flower Glider","Koopa Clown","Roller","Flower Glider",1.25,4.25,1.5,5.5,4,6,22.5,3.75
"66"," Baby Daisy","Koopa Clown,Roller,Flower Glider","Koopa Clown","Roller","Flower Glider",1.25,4.25,1.5,5.5,4,6,22.5,3.75
"67","Baby Peach","Koopa Clown,Roller,Peach Parasol","Koopa Clown","Roller","Peach Parasol",1.25,4.25,1.5,5.5,4,6,22.5,3.75
"68"," Baby Daisy","Koopa Clown,Roller,Peach Parasol","Koopa Clown","Roller","Peach Parasol",1.25,4.25,1.5,5.5,4,6,22.5,3.75
"69","Baby Peach","Koopa Clown,Roller,Paper Glider","Koopa Clown","Roller","Paper Glider",1.25,4.25,1.5,5.5,4,6,22.5,3.75
"70"," Baby Daisy","Koopa Clown,Roller,Paper Glider","Koopa Clown","Roller","Paper Glider",1.25,4.25,1.5,5.5,4,6,22.5,3.75
"71","Baby Peach","Koopa Clown,Azure Roller,Parachute","Koopa Clown","Azure Roller","Parachute",1.25,4.25,1.5,5.5,4,6,22.5,3.75
"72"," Baby Daisy","Koopa Clown,Azure Roller,Parachute","Koopa Clown","Azure Roller","Parachute",1.25,4.25,1.5,5.5,4,6,22.5,3.75
"73","Baby Peach","Koopa Clown,Azure Roller,Cloud Glider","Koopa Clown","Azure Roller","Cloud Glider",1.25,4.25,1.5,5.5,4,6,22.5,3.75
"74"," Baby Daisy","Koopa Clown,Azure Roller,Cloud Glider","Koopa Clown","Azure Roller","Cloud Glider",1.25,4.25,1.5,5.5,4,6,22.5,3.75
"75","Baby Peach","Koopa Clown,Azure Roller,Flower Glider","Koopa Clown","Azure Roller","Flower Glider",1.25,4.25,1.5,5.5,4,6,22.5,3.75
"76"," Baby Daisy","Koopa Clown,Azure Roller,Flower Glider","Koopa Clown","Azure Roller","Flower Glider",1.25,4.25,1.5,5.5,4,6,22.5,3.75
"77","Baby Peach","Koopa Clown,Azure Roller,Peach Parasol","Koopa Clown","Azure Roller","Peach Parasol",1.25,4.25,1.5,5.5,4,6,22.5,3.75
"78"," Baby Daisy","Koopa Clown,Azure Roller,Peach Parasol","Koopa Clown","Azure Roller","Peach Parasol",1.25,4.25,1.5,5.5,4,6,22.5,3.75
"79","Baby Peach","Koopa Clown,Azure Roller,Paper Glider","Koopa Clown","Azure Roller","Paper Glider",1.25,4.25,1.5,5.5,4,6,22.5,3.75
"80"," Baby Daisy","Koopa Clown,Azure Roller,Paper Glider","Koopa Clown","Azure Roller","Paper Glider",1.25,4.25,1.5,5.5,4,6,22.5,3.75
"81","Baby Rosalina","Tanooki Kart,Roller,Parachute","Tanooki Kart","Roller","Parachute",1.25,4.5,1.5,5.25,3.5,6,22,3.8
"82"," Lemmy Koopa","Tanooki Kart,Roller,Parachute","Tanooki Kart","Roller","Parachute",1.25,4.5,1.5,5.25,3.5,6,22,3.8
"83","Baby Rosalina","Tanooki Kart,Roller,Cloud Glider","Tanooki Kart","Roller","Cloud Glider",1.25,4.5,1.5,5.25,3.5,6,22,3.8
"84"," Lemmy Koopa","Tanooki Kart,Roller,Cloud Glider","Tanooki Kart","Roller","Cloud Glider",1.25,4.5,1.5,5.25,3.5,6,22,3.8
"85","Baby Rosalina","Tanooki Kart,Roller,Flower Glider","Tanooki Kart","Roller","Flower Glider",1.25,4.5,1.5,5.25,3.5,6,22,3.8
"86"," Lemmy Koopa","Tanooki Kart,Roller,Flower Glider","Tanooki Kart","Roller","Flower Glider",1.25,4.5,1.5,5.25,3.5,6,22,3.8
"87","Baby Rosalina","Tanooki Kart,Roller,Peach Parasol","Tanooki Kart","Roller","Peach Parasol",1.25,4.5,1.5,5.25,3.5,6,22,3.8
"88"," Lemmy Koopa","Tanooki Kart,Roller,Peach Parasol","Tanooki Kart","Roller","Peach Parasol",1.25,4.5,1.5,5.25,3.5,6,22,3.8
"89","Baby Rosalina","Tanooki Kart,Roller,Paper Glider","Tanooki Kart","Roller","Paper Glider",1.25,4.5,1.5,5.25,3.5,6,22,3.8
"90"," Lemmy Koopa","Tanooki Kart,Roller,Paper Glider","Tanooki Kart","Roller","Paper Glider",1.25,4.5,1.5,5.25,3.5,6,22,3.8
"91","Baby Rosalina","Tanooki Kart,Azure Roller,Parachute","Tanooki Kart","Azure Roller","Parachute",1.25,4.5,1.5,5.25,3.5,6,22,3.8
"92"," Lemmy Koopa","Tanooki Kart,Azure Roller,Parachute","Tanooki Kart","Azure Roller","Parachute",1.25,4.5,1.5,5.25,3.5,6,22,3.8
"93","Baby Rosalina","Tanooki Kart,Azure Roller,Cloud Glider","Tanooki Kart","Azure Roller","Cloud Glider",1.25,4.5,1.5,5.25,3.5,6,22,3.8
"94"," Lemmy Koopa","Tanooki Kart,Azure Roller,Cloud Glider","Tanooki Kart","Azure Roller","Cloud Glider",1.25,4.5,1.5,5.25,3.5,6,22,3.8
"95","Baby Rosalina","Tanooki Kart,Azure Roller,Flower Glider","Tanooki Kart","Azure Roller","Flower Glider",1.25,4.5,1.5,5.25,3.5,6,22,3.8
"96"," Lemmy Koopa","Tanooki Kart,Azure Roller,Flower Glider","Tanooki Kart","Azure Roller","Flower Glider",1.25,4.5,1.5,5.25,3.5,6,22,3.8
"97","Baby Rosalina","Tanooki Kart,Azure Roller,Peach Parasol","Tanooki Kart","Azure Roller","Peach Parasol",1.25,4.5,1.5,5.25,3.5,6,22,3.8
"98"," Lemmy Koopa","Tanooki Kart,Azure Roller,Peach Parasol","Tanooki Kart","Azure Roller","Peach Parasol",1.25,4.5,1.5,5.25,3.5,6,22,3.8
"99","Baby Rosalina","Tanooki Kart,Azure Roller,Paper Glider","Tanooki Kart","Azure Roller","Paper Glider",1.25,4.5,1.5,5.25,3.5,6,22,3.8
"100"," Lemmy Koopa","Tanooki Kart,Azure Roller,Paper Glider","Tanooki Kart","Azure Roller","Paper Glider",1.25,4.5,1.5,5.25,3.5,6,22,3.8
"101","Baby Rosalina","Koopa Clown,Roller,Parachute","Koopa Clown","Roller","Parachute",1.25,4.5,1.5,5.25,3.5,6,22,3.8
"102"," Lemmy Koopa","Koopa Clown,Roller,Parachute","Koopa Clown","Roller","Parachute",1.25,4.5,1.5,5.25,3.5,6,22,3.8
"103","Baby Rosalina","Koopa Clown,Roller,Cloud Glider","Koopa Clown","Roller","Cloud Glider",1.25,4.5,1.5,5.25,3.5,6,22,3.8
"104"," Lemmy Koopa","Koopa Clown,Roller,Cloud Glider","Koopa Clown","Roller","Cloud Glider",1.25,4.5,1.5,5.25,3.5,6,22,3.8
"105","Baby Rosalina","Koopa Clown,Roller,Flower Glider","Koopa Clown","Roller","Flower Glider",1.25,4.5,1.5,5.25,3.5,6,22,3.8
"106"," Lemmy Koopa","Koopa Clown,Roller,Flower Glider","Koopa Clown","Roller","Flower Glider",1.25,4.5,1.5,5.25,3.5,6,22,3.8
"107","Baby Rosalina","Koopa Clown,Roller,Peach Parasol","Koopa Clown","Roller","Peach Parasol",1.25,4.5,1.5,5.25,3.5,6,22,3.8
"108"," Lemmy Koopa","Koopa Clown,Roller,Peach Parasol","Koopa Clown","Roller","Peach Parasol",1.25,4.5,1.5,5.25,3.5,6,22,3.8
"109","Baby Rosalina","Koopa Clown,Roller,Paper Glider","Koopa Clown","Roller","Paper Glider",1.25,4.5,1.5,5.25,3.5,6,22,3.8
"110"," Lemmy Koopa","Koopa Clown,Roller,Paper Glider","Koopa Clown","Roller","Paper Glider",1.25,4.5,1.5,5.25,3.5,6,22,3.8
"111","Baby Rosalina","Koopa Clown,Azure Roller,Parachute","Koopa Clown","Azure Roller","Parachute",1.25,4.5,1.5,5.25,3.5,6,22,3.8
"112"," Lemmy Koopa","Koopa Clown,Azure Roller,Parachute","Koopa Clown","Azure Roller","Parachute",1.25,4.5,1.5,5.25,3.5,6,22,3.8
"113","Baby Rosalina","Koopa Clown,Azure Roller,Cloud Glider","Koopa Clown","Azure Roller","Cloud Glider",1.25,4.5,1.5,5.25,3.5,6,22,3.8
"114"," Lemmy Koopa","Koopa Clown,Azure Roller,Cloud Glider","Koopa Clown","Azure Roller","Cloud Glider",1.25,4.5,1.5,5.25,3.5,6,22,3.8
"115","Baby Rosalina","Koopa Clown,Azure Roller,Flower Glider","Koopa Clown","Azure Roller","Flower Glider",1.25,4.5,1.5,5.25,3.5,6,22,3.8
"116"," Lemmy Koopa","Koopa Clown,Azure Roller,Flower Glider","Koopa Clown","Azure Roller","Flower Glider",1.25,4.5,1.5,5.25,3.5,6,22,3.8
"117","Baby Rosalina","Koopa Clown,Azure Roller,Peach Parasol","Koopa Clown","Azure Roller","Peach Parasol",1.25,4.5,1.5,5.25,3.5,6,22,3.8
"118"," Lemmy Koopa","Koopa Clown,Azure Roller,Peach Parasol","Koopa Clown","Azure Roller","Peach Parasol",1.25,4.5,1.5,5.25,3.5,6,22,3.8
"119","Baby Rosalina","Koopa Clown,Azure Roller,Paper Glider","Koopa Clown","Azure Roller","Paper Glider",1.25,4.5,1.5,5.25,3.5,6,22,3.8
"120"," Lemmy Koopa","Koopa Clown,Azure Roller,Paper Glider","Koopa Clown","Azure Roller","Paper Glider",1.25,4.5,1.5,5.25,3.5,6,22,3.8
"121","Bowser","Tanooki Kart,Roller,Parachute","Tanooki Kart","Roller","Parachute",3.75,3.25,4,3,2.75,4.75,21.5,4.05
"122"," Morton","Tanooki Kart,Roller,Parachute","Tanooki Kart","Roller","Parachute",3.75,3.25,4,3,2.75,4.75,21.5,4.05
"123","Bowser","Tanooki Kart,Roller,Cloud Glider","Tanooki Kart","Roller","Cloud Glider",3.75,3.25,4,3,2.75,4.75,21.5,4.05
"124"," Morton","Tanooki Kart,Roller,Cloud Glider","Tanooki Kart","Roller","Cloud Glider",3.75,3.25,4,3,2.75,4.75,21.5,4.05
"125","Bowser","Tanooki Kart,Roller,Flower Glider","Tanooki Kart","Roller","Flower Glider",3.75,3.25,4,3,2.75,4.75,21.5,4.05
"126"," Morton","Tanooki Kart,Roller,Flower Glider","Tanooki Kart","Roller","Flower Glider",3.75,3.25,4,3,2.75,4.75,21.5,4.05
"127","Bowser","Tanooki Kart,Roller,Peach Parasol","Tanooki Kart","Roller","Peach Parasol",3.75,3.25,4,3,2.75,4.75,21.5,4.05
"128"," Morton","Tanooki Kart,Roller,Peach Parasol","Tanooki Kart","Roller","Peach Parasol",3.75,3.25,4,3,2.75,4.75,21.5,4.05
"129","Bowser","Tanooki Kart,Roller,Paper Glider","Tanooki Kart","Roller","Paper Glider",3.75,3.25,4,3,2.75,4.75,21.5,4.05
"130"," Morton","Tanooki Kart,Roller,Paper Glider","Tanooki Kart","Roller","Paper Glider",3.75,3.25,4,3,2.75,4.75,21.5,4.05
"131","Bowser","Tanooki Kart,Azure Roller,Parachute","Tanooki Kart","Azure Roller","Parachute",3.75,3.25,4,3,2.75,4.75,21.5,4.05
"132"," Morton","Tanooki Kart,Azure Roller,Parachute","Tanooki Kart","Azure Roller","Parachute",3.75,3.25,4,3,2.75,4.75,21.5,4.05
"133","Bowser","Tanooki Kart,Azure Roller,Cloud Glider","Tanooki Kart","Azure Roller","Cloud Glider",3.75,3.25,4,3,2.75,4.75,21.5,4.05
"134"," Morton","Tanooki Kart,Azure Roller,Cloud Glider","Tanooki Kart","Azure Roller","Cloud Glider",3.75,3.25,4,3,2.75,4.75,21.5,4.05
"135","Bowser","Tanooki Kart,Azure Roller,Flower Glider","Tanooki Kart","Azure Roller","Flower Glider",3.75,3.25,4,3,2.75,4.75,21.5,4.05
"136"," Morton","Tanooki Kart,Azure Roller,Flower Glider","Tanooki Kart","Azure Roller","Flower Glider",3.75,3.25,4,3,2.75,4.75,21.5,4.05
"137","Bowser","Tanooki Kart,Azure Roller,Peach Parasol","Tanooki Kart","Azure Roller","Peach Parasol",3.75,3.25,4,3,2.75,4.75,21.5,4.05
"138"," Morton","Tanooki Kart,Azure Roller,Peach Parasol","Tanooki Kart","Azure Roller","Peach Parasol",3.75,3.25,4,3,2.75,4.75,21.5,4.05
"139","Bowser","Tanooki Kart,Azure Roller,Paper Glider","Tanooki Kart","Azure Roller","Paper Glider",3.75,3.25,4,3,2.75,4.75,21.5,4.05
"140"," Morton","Tanooki Kart,Azure Roller,Paper Glider","Tanooki Kart","Azure Roller","Paper Glider",3.75,3.25,4,3,2.75,4.75,21.5,4.05
"141","Bowser","Koopa Clown,Roller,Parachute","Koopa Clown","Roller","Parachute",3.75,3.25,4,3,2.75,4.75,21.5,4.05
"142"," Morton","Koopa Clown,Roller,Parachute","Koopa Clown","Roller","Parachute",3.75,3.25,4,3,2.75,4.75,21.5,4.05
"143","Bowser","Koopa Clown,Roller,Cloud Glider","Koopa Clown","Roller","Cloud Glider",3.75,3.25,4,3,2.75,4.75,21.5,4.05
"144"," Morton","Koopa Clown,Roller,Cloud Glider","Koopa Clown","Roller","Cloud Glider",3.75,3.25,4,3,2.75,4.75,21.5,4.05
"145","Bowser","Koopa Clown,Roller,Flower Glider","Koopa Clown","Roller","Flower Glider",3.75,3.25,4,3,2.75,4.75,21.5,4.05
"146"," Morton","Koopa Clown,Roller,Flower Glider","Koopa Clown","Roller","Flower Glider",3.75,3.25,4,3,2.75,4.75,21.5,4.05
"147","Bowser","Koopa Clown,Roller,Peach Parasol","Koopa Clown","Roller","Peach Parasol",3.75,3.25,4,3,2.75,4.75,21.5,4.05
"148"," Morton","Koopa Clown,Roller,Peach Parasol","Koopa Clown","Roller","Peach Parasol",3.75,3.25,4,3,2.75,4.75,21.5,4.05
"149","Bowser","Koopa Clown,Roller,Paper Glider","Koopa Clown","Roller","Paper Glider",3.75,3.25,4,3,2.75,4.75,21.5,4.05
"150"," Morton","Koopa Clown,Roller,Paper Glider","Koopa Clown","Roller","Paper Glider",3.75,3.25,4,3,2.75,4.75,21.5,4.05
"151","Bowser","Koopa Clown,Azure Roller,Parachute","Koopa Clown","Azure Roller","Parachute",3.75,3.25,4,3,2.75,4.75,21.5,4.05
"152"," Morton","Koopa Clown,Azure Roller,Parachute","Koopa Clown","Azure Roller","Parachute",3.75,3.25,4,3,2.75,4.75,21.5,4.05
"153","Bowser","Koopa Clown,Azure Roller,Cloud Glider","Koopa Clown","Azure Roller","Cloud Glider",3.75,3.25,4,3,2.75,4.75,21.5,4.05
"154"," Morton","Koopa Clown,Azure Roller,Cloud Glider","Koopa Clown","Azure Roller","Cloud Glider",3.75,3.25,4,3,2.75,4.75,21.5,4.05
"155","Bowser","Koopa Clown,Azure Roller,Flower Glider","Koopa Clown","Azure Roller","Flower Glider",3.75,3.25,4,3,2.75,4.75,21.5,4.05
"156"," Morton","Koopa Clown,Azure Roller,Flower Glider","Koopa Clown","Azure Roller","Flower Glider",3.75,3.25,4,3,2.75,4.75,21.5,4.05
"157","Bowser","Koopa Clown,Azure Roller,Peach Parasol","Koopa Clown","Azure Roller","Peach Parasol",3.75,3.25,4,3,2.75,4.75,21.5,4.05
"158"," Morton","Koopa Clown,Azure Roller,Peach Parasol","Koopa Clown","Azure Roller","Peach Parasol",3.75,3.25,4,3,2.75,4.75,21.5,4.05
"159","Bowser","Koopa Clown,Azure Roller,Paper Glider","Koopa Clown","Azure Roller","Paper Glider",3.75,3.25,4,3,2.75,4.75,21.5,4.05
"160"," Morton","Koopa Clown,Azure Roller,Paper Glider","Koopa Clown","Azure Roller","Paper Glider",3.75,3.25,4,3,2.75,4.75,21.5,4.05
"161","Cat Peach","Tanooki Kart,Roller,Parachute","Tanooki Kart","Roller","Parachute",2.25,4.25,2.25,4.5,3.5,5.5,22.25,3.95
"162"," Inkling Girl","Tanooki Kart,Roller,Parachute","Tanooki Kart","Roller","Parachute",2.25,4.25,2.25,4.5,3.5,5.5,22.25,3.95
"163"," Villager Girl","Tanooki Kart,Roller,Parachute","Tanooki Kart","Roller","Parachute",2.25,4.25,2.25,4.5,3.5,5.5,22.25,3.95
"164","Cat Peach","Tanooki Kart,Roller,Cloud Glider","Tanooki Kart","Roller","Cloud Glider",2.25,4.25,2.25,4.5,3.5,5.5,22.25,3.95
"165"," Inkling Girl","Tanooki Kart,Roller,Cloud Glider","Tanooki Kart","Roller","Cloud Glider",2.25,4.25,2.25,4.5,3.5,5.5,22.25,3.95
"166"," Villager Girl","Tanooki Kart,Roller,Cloud Glider","Tanooki Kart","Roller","Cloud Glider",2.25,4.25,2.25,4.5,3.5,5.5,22.25,3.95
"167","Cat Peach","Tanooki Kart,Roller,Flower Glider","Tanooki Kart","Roller","Flower Glider",2.25,4.25,2.25,4.5,3.5,5.5,22.25,3.95
"168"," Inkling Girl","Tanooki Kart,Roller,Flower Glider","Tanooki Kart","Roller","Flower Glider",2.25,4.25,2.25,4.5,3.5,5.5,22.25,3.95
"169"," Villager Girl","Tanooki Kart,Roller,Flower Glider","Tanooki Kart","Roller","Flower Glider",2.25,4.25,2.25,4.5,3.5,5.5,22.25,3.95
"170","Cat Peach","Tanooki Kart,Roller,Peach Parasol","Tanooki Kart","Roller","Peach Parasol",2.25,4.25,2.25,4.5,3.5,5.5,22.25,3.95
"171"," Inkling Girl","Tanooki Kart,Roller,Peach Parasol","Tanooki Kart","Roller","Peach Parasol",2.25,4.25,2.25,4.5,3.5,5.5,22.25,3.95
"172"," Villager Girl","Tanooki Kart,Roller,Peach Parasol","Tanooki Kart","Roller","Peach Parasol",2.25,4.25,2.25,4.5,3.5,5.5,22.25,3.95
"173","Cat Peach","Tanooki Kart,Roller,Paper Glider","Tanooki Kart","Roller","Paper Glider",2.25,4.25,2.25,4.5,3.5,5.5,22.25,3.95
"174"," Inkling Girl","Tanooki Kart,Roller,Paper Glider","Tanooki Kart","Roller","Paper Glider",2.25,4.25,2.25,4.5,3.5,5.5,22.25,3.95
"175"," Villager Girl","Tanooki Kart,Roller,Paper Glider","Tanooki Kart","Roller","Paper Glider",2.25,4.25,2.25,4.5,3.5,5.5,22.25,3.95
"176","Cat Peach","Tanooki Kart,Azure Roller,Parachute","Tanooki Kart","Azure Roller","Parachute",2.25,4.25,2.25,4.5,3.5,5.5,22.25,3.95
"177"," Inkling Girl","Tanooki Kart,Azure Roller,Parachute","Tanooki Kart","Azure Roller","Parachute",2.25,4.25,2.25,4.5,3.5,5.5,22.25,3.95
"178"," Villager Girl","Tanooki Kart,Azure Roller,Parachute","Tanooki Kart","Azure Roller","Parachute",2.25,4.25,2.25,4.5,3.5,5.5,22.25,3.95
"179","Cat Peach","Tanooki Kart,Azure Roller,Cloud Glider","Tanooki Kart","Azure Roller","Cloud Glider",2.25,4.25,2.25,4.5,3.5,5.5,22.25,3.95
"180"," Inkling Girl","Tanooki Kart,Azure Roller,Cloud Glider","Tanooki Kart","Azure Roller","Cloud Glider",2.25,4.25,2.25,4.5,3.5,5.5,22.25,3.95
"181"," Villager Girl","Tanooki Kart,Azure Roller,Cloud Glider","Tanooki Kart","Azure Roller","Cloud Glider",2.25,4.25,2.25,4.5,3.5,5.5,22.25,3.95
"182","Cat Peach","Tanooki Kart,Azure Roller,Flower Glider","Tanooki Kart","Azure Roller","Flower Glider",2.25,4.25,2.25,4.5,3.5,5.5,22.25,3.95
"183"," Inkling Girl","Tanooki Kart,Azure Roller,Flower Glider","Tanooki Kart","Azure Roller","Flower Glider",2.25,4.25,2.25,4.5,3.5,5.5,22.25,3.95
"184"," Villager Girl","Tanooki Kart,Azure Roller,Flower Glider","Tanooki Kart","Azure Roller","Flower Glider",2.25,4.25,2.25,4.5,3.5,5.5,22.25,3.95
"185","Cat Peach","Tanooki Kart,Azure Roller,Peach Parasol","Tanooki Kart","Azure Roller","Peach Parasol",2.25,4.25,2.25,4.5,3.5,5.5,22.25,3.95
"186"," Inkling Girl","Tanooki Kart,Azure Roller,Peach Parasol","Tanooki Kart","Azure Roller","Peach Parasol",2.25,4.25,2.25,4.5,3.5,5.5,22.25,3.95
"187"," Villager Girl","Tanooki Kart,Azure Roller,Peach Parasol","Tanooki Kart","Azure Roller","Peach Parasol",2.25,4.25,2.25,4.5,3.5,5.5,22.25,3.95
"188","Cat Peach","Tanooki Kart,Azure Roller,Paper Glider","Tanooki Kart","Azure Roller","Paper Glider",2.25,4.25,2.25,4.5,3.5,5.5,22.25,3.95
"189"," Inkling Girl","Tanooki Kart,Azure Roller,Paper Glider","Tanooki Kart","Azure Roller","Paper Glider",2.25,4.25,2.25,4.5,3.5,5.5,22.25,3.95
"190"," Villager Girl","Tanooki Kart,Azure Roller,Paper Glider","Tanooki Kart","Azure Roller","Paper Glider",2.25,4.25,2.25,4.5,3.5,5.5,22.25,3.95
"191","Cat Peach","Koopa Clown,Roller,Parachute","Koopa Clown","Roller","Parachute",2.25,4.25,2.25,4.5,3.5,5.5,22.25,3.95
"192"," Inkling Girl","Koopa Clown,Roller,Parachute","Koopa Clown","Roller","Parachute",2.25,4.25,2.25,4.5,3.5,5.5,22.25,3.95
"193"," Villager Girl","Koopa Clown,Roller,Parachute","Koopa Clown","Roller","Parachute",2.25,4.25,2.25,4.5,3.5,5.5,22.25,3.95
"194","Cat Peach","Koopa Clown,Roller,Cloud Glider","Koopa Clown","Roller","Cloud Glider",2.25,4.25,2.25,4.5,3.5,5.5,22.25,3.95
"195"," Inkling Girl","Koopa Clown,Roller,Cloud Glider","Koopa Clown","Roller","Cloud Glider",2.25,4.25,2.25,4.5,3.5,5.5,22.25,3.95
"196"," Villager Girl","Koopa Clown,Roller,Cloud Glider","Koopa Clown","Roller","Cloud Glider",2.25,4.25,2.25,4.5,3.5,5.5,22.25,3.95
"197","Cat Peach","Koopa Clown,Roller,Flower Glider","Koopa Clown","Roller","Flower Glider",2.25,4.25,2.25,4.5,3.5,5.5,22.25,3.95
"198"," Inkling Girl","Koopa Clown,Roller,Flower Glider","Koopa Clown","Roller","Flower Glider",2.25,4.25,2.25,4.5,3.5,5.5,22.25,3.95
"199"," Villager Girl","Koopa Clown,Roller,Flower Glider","Koopa Clown","Roller","Flower Glider",2.25,4.25,2.25,4.5,3.5,5.5,22.25,3.95
"200","Cat Peach","Koopa Clown,Roller,Peach Parasol","Koopa Clown","Roller","Peach Parasol",2.25,4.25,2.25,4.5,3.5,5.5,22.25,3.95
"201"," Inkling Girl","Koopa Clown,Roller,Peach Parasol","Koopa Clown","Roller","Peach Parasol",2.25,4.25,2.25,4.5,3.5,5.5,22.25,3.95
"202"," Villager Girl","Koopa Clown,Roller,Peach Parasol","Koopa Clown","Roller","Peach Parasol",2.25,4.25,2.25,4.5,3.5,5.5,22.25,3.95
"203","Cat Peach","Koopa Clown,Roller,Paper Glider","Koopa Clown","Roller","Paper Glider",2.25,4.25,2.25,4.5,3.5,5.5,22.25,3.95
"204"," Inkling Girl","Koopa Clown,Roller,Paper Glider","Koopa Clown","Roller","Paper Glider",2.25,4.25,2.25,4.5,3.5,5.5,22.25,3.95
"205"," Villager Girl","Koopa Clown,Roller,Paper Glider","Koopa Clown","Roller","Paper Glider",2.25,4.25,2.25,4.5,3.5,5.5,22.25,3.95
"206","Cat Peach","Koopa Clown,Azure Roller,Parachute","Koopa Clown","Azure Roller","Parachute",2.25,4.25,2.25,4.5,3.5,5.5,22.25,3.95
"207"," Inkling Girl","Koopa Clown,Azure Roller,Parachute","Koopa Clown","Azure Roller","Parachute",2.25,4.25,2.25,4.5,3.5,5.5,22.25,3.95
"208"," Villager Girl","Koopa Clown,Azure Roller,Parachute","Koopa Clown","Azure Roller","Parachute",2.25,4.25,2.25,4.5,3.5,5.5,22.25,3.95
"209","Cat Peach","Koopa Clown,Azure Roller,Cloud Glider","Koopa Clown","Azure Roller","Cloud Glider",2.25,4.25,2.25,4.5,3.5,5.5,22.25,3.95
"210"," Inkling Girl","Koopa Clown,Azure Roller,Cloud Glider","Koopa Clown","Azure Roller","Cloud Glider",2.25,4.25,2.25,4.5,3.5,5.5,22.25,3.95
"211"," Villager Girl","Koopa Clown,Azure Roller,Cloud Glider","Koopa Clown","Azure Roller","Cloud Glider",2.25,4.25,2.25,4.5,3.5,5.5,22.25,3.95
"212","Cat Peach","Koopa Clown,Azure Roller,Flower Glider","Koopa Clown","Azure Roller","Flower Glider",2.25,4.25,2.25,4.5,3.5,5.5,22.25,3.95
"213"," Inkling Girl","Koopa Clown,Azure Roller,Flower Glider","Koopa Clown","Azure Roller","Flower Glider",2.25,4.25,2.25,4.5,3.5,5.5,22.25,3.95
"214"," Villager Girl","Koopa Clown,Azure Roller,Flower Glider","Koopa Clown","Azure Roller","Flower Glider",2.25,4.25,2.25,4.5,3.5,5.5,22.25,3.95
"215","Cat Peach","Koopa Clown,Azure Roller,Peach Parasol","Koopa Clown","Azure Roller","Peach Parasol",2.25,4.25,2.25,4.5,3.5,5.5,22.25,3.95
"216"," Inkling Girl","Koopa Clown,Azure Roller,Peach Parasol","Koopa Clown","Azure Roller","Peach Parasol",2.25,4.25,2.25,4.5,3.5,5.5,22.25,3.95
"217"," Villager Girl","Koopa Clown,Azure Roller,Peach Parasol","Koopa Clown","Azure Roller","Peach Parasol",2.25,4.25,2.25,4.5,3.5,5.5,22.25,3.95
"218","Cat Peach","Koopa Clown,Azure Roller,Paper Glider","Koopa Clown","Azure Roller","Paper Glider",2.25,4.25,2.25,4.5,3.5,5.5,22.25,3.95
"219"," Inkling Girl","Koopa Clown,Azure Roller,Paper Glider","Koopa Clown","Azure Roller","Paper Glider",2.25,4.25,2.25,4.5,3.5,5.5,22.25,3.95
"220"," Villager Girl","Koopa Clown,Azure Roller,Paper Glider","Koopa Clown","Azure Roller","Paper Glider",2.25,4.25,2.25,4.5,3.5,5.5,22.25,3.95
"221","Donkey Kong","Streetle,Roller,Parachute","Streetle","Roller","Parachute",3.25,4.5,2.75,2.75,2.5,4.75,20.5,4.1
"222"," Roy","Streetle,Roller,Parachute","Streetle","Roller","Parachute",3.25,4.5,2.75,2.75,2.5,4.75,20.5,4.1
"223"," Waluigi","Streetle,Roller,Parachute","Streetle","Roller","Parachute",3.25,4.5,2.75,2.75,2.5,4.75,20.5,4.1
"224","Donkey Kong","Streetle,Roller,Cloud Glider","Streetle","Roller","Cloud Glider",3.25,4.5,2.75,2.75,2.5,4.75,20.5,4.1
"225"," Roy","Streetle,Roller,Cloud Glider","Streetle","Roller","Cloud Glider",3.25,4.5,2.75,2.75,2.5,4.75,20.5,4.1
"226"," Waluigi","Streetle,Roller,Cloud Glider","Streetle","Roller","Cloud Glider",3.25,4.5,2.75,2.75,2.5,4.75,20.5,4.1
"227","Donkey Kong","Streetle,Roller,Flower Glider","Streetle","Roller","Flower Glider",3.25,4.5,2.75,2.75,2.5,4.75,20.5,4.1
"228"," Roy","Streetle,Roller,Flower Glider","Streetle","Roller","Flower Glider",3.25,4.5,2.75,2.75,2.5,4.75,20.5,4.1
"229"," Waluigi","Streetle,Roller,Flower Glider","Streetle","Roller","Flower Glider",3.25,4.5,2.75,2.75,2.5,4.75,20.5,4.1
"230","Donkey Kong","Streetle,Roller,Peach Parasol","Streetle","Roller","Peach Parasol",3.25,4.5,2.75,2.75,2.5,4.75,20.5,4.1
"231"," Roy","Streetle,Roller,Peach Parasol","Streetle","Roller","Peach Parasol",3.25,4.5,2.75,2.75,2.5,4.75,20.5,4.1
"232"," Waluigi","Streetle,Roller,Peach Parasol","Streetle","Roller","Peach Parasol",3.25,4.5,2.75,2.75,2.5,4.75,20.5,4.1
"233","Donkey Kong","Streetle,Roller,Paper Glider","Streetle","Roller","Paper Glider",3.25,4.5,2.75,2.75,2.5,4.75,20.5,4.1
"234"," Roy","Streetle,Roller,Paper Glider","Streetle","Roller","Paper Glider",3.25,4.5,2.75,2.75,2.5,4.75,20.5,4.1
"235"," Waluigi","Streetle,Roller,Paper Glider","Streetle","Roller","Paper Glider",3.25,4.5,2.75,2.75,2.5,4.75,20.5,4.1
"236","Donkey Kong","Streetle,Azure Roller,Parachute","Streetle","Azure Roller","Parachute",3.25,4.5,2.75,2.75,2.5,4.75,20.5,4.1
"237"," Roy","Streetle,Azure Roller,Parachute","Streetle","Azure Roller","Parachute",3.25,4.5,2.75,2.75,2.5,4.75,20.5,4.1
"238"," Waluigi","Streetle,Azure Roller,Parachute","Streetle","Azure Roller","Parachute",3.25,4.5,2.75,2.75,2.5,4.75,20.5,4.1
"239","Donkey Kong","Streetle,Azure Roller,Cloud Glider","Streetle","Azure Roller","Cloud Glider",3.25,4.5,2.75,2.75,2.5,4.75,20.5,4.1
"240"," Roy","Streetle,Azure Roller,Cloud Glider","Streetle","Azure Roller","Cloud Glider",3.25,4.5,2.75,2.75,2.5,4.75,20.5,4.1
"241"," Waluigi","Streetle,Azure Roller,Cloud Glider","Streetle","Azure Roller","Cloud Glider",3.25,4.5,2.75,2.75,2.5,4.75,20.5,4.1
"242","Donkey Kong","Streetle,Azure Roller,Flower Glider","Streetle","Azure Roller","Flower Glider",3.25,4.5,2.75,2.75,2.5,4.75,20.5,4.1
"243"," Roy","Streetle,Azure Roller,Flower Glider","Streetle","Azure Roller","Flower Glider",3.25,4.5,2.75,2.75,2.5,4.75,20.5,4.1
"244"," Waluigi","Streetle,Azure Roller,Flower Glider","Streetle","Azure Roller","Flower Glider",3.25,4.5,2.75,2.75,2.5,4.75,20.5,4.1
"245","Donkey Kong","Streetle,Azure Roller,Peach Parasol","Streetle","Azure Roller","Peach Parasol",3.25,4.5,2.75,2.75,2.5,4.75,20.5,4.1
"246"," Roy","Streetle,Azure Roller,Peach Parasol","Streetle","Azure Roller","Peach Parasol",3.25,4.5,2.75,2.75,2.5,4.75,20.5,4.1
"247"," Waluigi","Streetle,Azure Roller,Peach Parasol","Streetle","Azure Roller","Peach Parasol",3.25,4.5,2.75,2.75,2.5,4.75,20.5,4.1
"248","Donkey Kong","Streetle,Azure Roller,Paper Glider","Streetle","Azure Roller","Paper Glider",3.25,4.5,2.75,2.75,2.5,4.75,20.5,4.1
"249"," Roy","Streetle,Azure Roller,Paper Glider","Streetle","Azure Roller","Paper Glider",3.25,4.5,2.75,2.75,2.5,4.75,20.5,4.1
"250"," Waluigi","Streetle,Azure Roller,Paper Glider","Streetle","Azure Roller","Paper Glider",3.25,4.5,2.75,2.75,2.5,4.75,20.5,4.1
"251","Koopa Troopa","Tanooki Kart,Roller,Parachute","Tanooki Kart","Roller","Parachute",1.75,4.25,2,5,4,5.75,22.75,3.85
"252"," Lakitu","Tanooki Kart,Roller,Parachute","Tanooki Kart","Roller","Parachute",1.75,4.25,2,5,4,5.75,22.75,3.85
"253"," Bowser Jr.","Tanooki Kart,Roller,Parachute","Tanooki Kart","Roller","Parachute",1.75,4.25,2,5,4,5.75,22.75,3.85
"254","Koopa Troopa","Tanooki Kart,Roller,Cloud Glider","Tanooki Kart","Roller","Cloud Glider",1.75,4.25,2,5,4,5.75,22.75,3.85
"255"," Lakitu","Tanooki Kart,Roller,Cloud Glider","Tanooki Kart","Roller","Cloud Glider",1.75,4.25,2,5,4,5.75,22.75,3.85
"256"," Bowser Jr.","Tanooki Kart,Roller,Cloud Glider","Tanooki Kart","Roller","Cloud Glider",1.75,4.25,2,5,4,5.75,22.75,3.85
"257","Koopa Troopa","Tanooki Kart,Roller,Flower Glider","Tanooki Kart","Roller","Flower Glider",1.75,4.25,2,5,4,5.75,22.75,3.85
"258"," Lakitu","Tanooki Kart,Roller,Flower Glider","Tanooki Kart","Roller","Flower Glider",1.75,4.25,2,5,4,5.75,22.75,3.85
"259"," Bowser Jr.","Tanooki Kart,Roller,Flower Glider","Tanooki Kart","Roller","Flower Glider",1.75,4.25,2,5,4,5.75,22.75,3.85
"260","Koopa Troopa","Tanooki Kart,Roller,Peach Parasol","Tanooki Kart","Roller","Peach Parasol",1.75,4.25,2,5,4,5.75,22.75,3.85
"261"," Lakitu","Tanooki Kart,Roller,Peach Parasol","Tanooki Kart","Roller","Peach Parasol",1.75,4.25,2,5,4,5.75,22.75,3.85
"262"," Bowser Jr.","Tanooki Kart,Roller,Peach Parasol","Tanooki Kart","Roller","Peach Parasol",1.75,4.25,2,5,4,5.75,22.75,3.85
"263","Koopa Troopa","Tanooki Kart,Roller,Paper Glider","Tanooki Kart","Roller","Paper Glider",1.75,4.25,2,5,4,5.75,22.75,3.85
"264"," Lakitu","Tanooki Kart,Roller,Paper Glider","Tanooki Kart","Roller","Paper Glider",1.75,4.25,2,5,4,5.75,22.75,3.85
"265"," Bowser Jr.","Tanooki Kart,Roller,Paper Glider","Tanooki Kart","Roller","Paper Glider",1.75,4.25,2,5,4,5.75,22.75,3.85
"266","Koopa Troopa","Tanooki Kart,Azure Roller,Parachute","Tanooki Kart","Azure Roller","Parachute",1.75,4.25,2,5,4,5.75,22.75,3.85
"267"," Lakitu","Tanooki Kart,Azure Roller,Parachute","Tanooki Kart","Azure Roller","Parachute",1.75,4.25,2,5,4,5.75,22.75,3.85
"268"," Bowser Jr.","Tanooki Kart,Azure Roller,Parachute","Tanooki Kart","Azure Roller","Parachute",1.75,4.25,2,5,4,5.75,22.75,3.85
"269","Koopa Troopa","Tanooki Kart,Azure Roller,Cloud Glider","Tanooki Kart","Azure Roller","Cloud Glider",1.75,4.25,2,5,4,5.75,22.75,3.85
"270"," Lakitu","Tanooki Kart,Azure Roller,Cloud Glider","Tanooki Kart","Azure Roller","Cloud Glider",1.75,4.25,2,5,4,5.75,22.75,3.85
"271"," Bowser Jr.","Tanooki Kart,Azure Roller,Cloud Glider","Tanooki Kart","Azure Roller","Cloud Glider",1.75,4.25,2,5,4,5.75,22.75,3.85
"272","Koopa Troopa","Tanooki Kart,Azure Roller,Flower Glider","Tanooki Kart","Azure Roller","Flower Glider",1.75,4.25,2,5,4,5.75,22.75,3.85
"273"," Lakitu","Tanooki Kart,Azure Roller,Flower Glider","Tanooki Kart","Azure Roller","Flower Glider",1.75,4.25,2,5,4,5.75,22.75,3.85
"274"," Bowser Jr.","Tanooki Kart,Azure Roller,Flower Glider","Tanooki Kart","Azure Roller","Flower Glider",1.75,4.25,2,5,4,5.75,22.75,3.85
"275","Koopa Troopa","Tanooki Kart,Azure Roller,Peach Parasol","Tanooki Kart","Azure Roller","Peach Parasol",1.75,4.25,2,5,4,5.75,22.75,3.85
"276"," Lakitu","Tanooki Kart,Azure Roller,Peach Parasol","Tanooki Kart","Azure Roller","Peach Parasol",1.75,4.25,2,5,4,5.75,22.75,3.85
"277"," Bowser Jr.","Tanooki Kart,Azure Roller,Peach Parasol","Tanooki Kart","Azure Roller","Peach Parasol",1.75,4.25,2,5,4,5.75,22.75,3.85
"278","Koopa Troopa","Tanooki Kart,Azure Roller,Paper Glider","Tanooki Kart","Azure Roller","Paper Glider",1.75,4.25,2,5,4,5.75,22.75,3.85
"279"," Lakitu","Tanooki Kart,Azure Roller,Paper Glider","Tanooki Kart","Azure Roller","Paper Glider",1.75,4.25,2,5,4,5.75,22.75,3.85
"280"," Bowser Jr.","Tanooki Kart,Azure Roller,Paper Glider","Tanooki Kart","Azure Roller","Paper Glider",1.75,4.25,2,5,4,5.75,22.75,3.85
"281","Koopa Troopa","Koopa Clown,Roller,Parachute","Koopa Clown","Roller","Parachute",1.75,4.25,2,5,4,5.75,22.75,3.85
"282"," Lakitu","Koopa Clown,Roller,Parachute","Koopa Clown","Roller","Parachute",1.75,4.25,2,5,4,5.75,22.75,3.85
"283"," Bowser Jr.","Koopa Clown,Roller,Parachute","Koopa Clown","Roller","Parachute",1.75,4.25,2,5,4,5.75,22.75,3.85
"284","Koopa Troopa","Koopa Clown,Roller,Cloud Glider","Koopa Clown","Roller","Cloud Glider",1.75,4.25,2,5,4,5.75,22.75,3.85
"285"," Lakitu","Koopa Clown,Roller,Cloud Glider","Koopa Clown","Roller","Cloud Glider",1.75,4.25,2,5,4,5.75,22.75,3.85
"286"," Bowser Jr.","Koopa Clown,Roller,Cloud Glider","Koopa Clown","Roller","Cloud Glider",1.75,4.25,2,5,4,5.75,22.75,3.85
"287","Koopa Troopa","Koopa Clown,Roller,Flower Glider","Koopa Clown","Roller","Flower Glider",1.75,4.25,2,5,4,5.75,22.75,3.85
"288"," Lakitu","Koopa Clown,Roller,Flower Glider","Koopa Clown","Roller","Flower Glider",1.75,4.25,2,5,4,5.75,22.75,3.85
"289"," Bowser Jr.","Koopa Clown,Roller,Flower Glider","Koopa Clown","Roller","Flower Glider",1.75,4.25,2,5,4,5.75,22.75,3.85
"290","Koopa Troopa","Koopa Clown,Roller,Peach Parasol","Koopa Clown","Roller","Peach Parasol",1.75,4.25,2,5,4,5.75,22.75,3.85
"291"," Lakitu","Koopa Clown,Roller,Peach Parasol","Koopa Clown","Roller","Peach Parasol",1.75,4.25,2,5,4,5.75,22.75,3.85
"292"," Bowser Jr.","Koopa Clown,Roller,Peach Parasol","Koopa Clown","Roller","Peach Parasol",1.75,4.25,2,5,4,5.75,22.75,3.85
"293","Koopa Troopa","Koopa Clown,Roller,Paper Glider","Koopa Clown","Roller","Paper Glider",1.75,4.25,2,5,4,5.75,22.75,3.85
"294"," Lakitu","Koopa Clown,Roller,Paper Glider","Koopa Clown","Roller","Paper Glider",1.75,4.25,2,5,4,5.75,22.75,3.85
"295"," Bowser Jr.","Koopa Clown,Roller,Paper Glider","Koopa Clown","Roller","Paper Glider",1.75,4.25,2,5,4,5.75,22.75,3.85
"296","Koopa Troopa","Koopa Clown,Azure Roller,Parachute","Koopa Clown","Azure Roller","Parachute",1.75,4.25,2,5,4,5.75,22.75,3.85
"297"," Lakitu","Koopa Clown,Azure Roller,Parachute","Koopa Clown","Azure Roller","Parachute",1.75,4.25,2,5,4,5.75,22.75,3.85
"298"," Bowser Jr.","Koopa Clown,Azure Roller,Parachute","Koopa Clown","Azure Roller","Parachute",1.75,4.25,2,5,4,5.75,22.75,3.85
"299","Koopa Troopa","Koopa Clown,Azure Roller,Cloud Glider","Koopa Clown","Azure Roller","Cloud Glider",1.75,4.25,2,5,4,5.75,22.75,3.85
"300"," Lakitu","Koopa Clown,Azure Roller,Cloud Glider","Koopa Clown","Azure Roller","Cloud Glider",1.75,4.25,2,5,4,5.75,22.75,3.85
"301"," Bowser Jr.","Koopa Clown,Azure Roller,Cloud Glider","Koopa Clown","Azure Roller","Cloud Glider",1.75,4.25,2,5,4,5.75,22.75,3.85
"302","Koopa Troopa","Koopa Clown,Azure Roller,Flower Glider","Koopa Clown","Azure Roller","Flower Glider",1.75,4.25,2,5,4,5.75,22.75,3.85
"303"," Lakitu","Koopa Clown,Azure Roller,Flower Glider","Koopa Clown","Azure Roller","Flower Glider",1.75,4.25,2,5,4,5.75,22.75,3.85
"304"," Bowser Jr.","Koopa Clown,Azure Roller,Flower Glider","Koopa Clown","Azure Roller","Flower Glider",1.75,4.25,2,5,4,5.75,22.75,3.85
"305","Koopa Troopa","Koopa Clown,Azure Roller,Peach Parasol","Koopa Clown","Azure Roller","Peach Parasol",1.75,4.25,2,5,4,5.75,22.75,3.85
"306"," Lakitu","Koopa Clown,Azure Roller,Peach Parasol","Koopa Clown","Azure Roller","Peach Parasol",1.75,4.25,2,5,4,5.75,22.75,3.85
"307"," Bowser Jr.","Koopa Clown,Azure Roller,Peach Parasol","Koopa Clown","Azure Roller","Peach Parasol",1.75,4.25,2,5,4,5.75,22.75,3.85
"308","Koopa Troopa","Koopa Clown,Azure Roller,Paper Glider","Koopa Clown","Azure Roller","Paper Glider",1.75,4.25,2,5,4,5.75,22.75,3.85
"309"," Lakitu","Koopa Clown,Azure Roller,Paper Glider","Koopa Clown","Azure Roller","Paper Glider",1.75,4.25,2,5,4,5.75,22.75,3.85
"310"," Bowser Jr.","Koopa Clown,Azure Roller,Paper Glider","Koopa Clown","Azure Roller","Paper Glider",1.75,4.25,2,5,4,5.75,22.75,3.85
"311","Link","Tanooki Kart,Roller,Parachute","Tanooki Kart","Roller","Parachute",3,3.5,3.25,3.75,3.5,5.25,22.25,4
"312"," King Boo","Tanooki Kart,Roller,Parachute","Tanooki Kart","Roller","Parachute",3,3.5,3.25,3.75,3.5,5.25,22.25,4
"313"," Rosalina","Tanooki Kart,Roller,Parachute","Tanooki Kart","Roller","Parachute",3,3.5,3.25,3.75,3.5,5.25,22.25,4
"314","Link","Tanooki Kart,Roller,Cloud Glider","Tanooki Kart","Roller","Cloud Glider",3,3.5,3.25,3.75,3.5,5.25,22.25,4
"315"," King Boo","Tanooki Kart,Roller,Cloud Glider","Tanooki Kart","Roller","Cloud Glider",3,3.5,3.25,3.75,3.5,5.25,22.25,4
"316"," Rosalina","Tanooki Kart,Roller,Cloud Glider","Tanooki Kart","Roller","Cloud Glider",3,3.5,3.25,3.75,3.5,5.25,22.25,4
"317","Link","Tanooki Kart,Roller,Flower Glider","Tanooki Kart","Roller","Flower Glider",3,3.5,3.25,3.75,3.5,5.25,22.25,4
"318"," King Boo","Tanooki Kart,Roller,Flower Glider","Tanooki Kart","Roller","Flower Glider",3,3.5,3.25,3.75,3.5,5.25,22.25,4
"319"," Rosalina","Tanooki Kart,Roller,Flower Glider","Tanooki Kart","Roller","Flower Glider",3,3.5,3.25,3.75,3.5,5.25,22.25,4
"320","Link","Tanooki Kart,Roller,Peach Parasol","Tanooki Kart","Roller","Peach Parasol",3,3.5,3.25,3.75,3.5,5.25,22.25,4
"321"," King Boo","Tanooki Kart,Roller,Peach Parasol","Tanooki Kart","Roller","Peach Parasol",3,3.5,3.25,3.75,3.5,5.25,22.25,4
"322"," Rosalina","Tanooki Kart,Roller,Peach Parasol","Tanooki Kart","Roller","Peach Parasol",3,3.5,3.25,3.75,3.5,5.25,22.25,4
"323","Link","Tanooki Kart,Roller,Paper Glider","Tanooki Kart","Roller","Paper Glider",3,3.5,3.25,3.75,3.5,5.25,22.25,4
"324"," King Boo","Tanooki Kart,Roller,Paper Glider","Tanooki Kart","Roller","Paper Glider",3,3.5,3.25,3.75,3.5,5.25,22.25,4
"325"," Rosalina","Tanooki Kart,Roller,Paper Glider","Tanooki Kart","Roller","Paper Glider",3,3.5,3.25,3.75,3.5,5.25,22.25,4
"326","Link","Tanooki Kart,Azure Roller,Parachute","Tanooki Kart","Azure Roller","Parachute",3,3.5,3.25,3.75,3.5,5.25,22.25,4
"327"," King Boo","Tanooki Kart,Azure Roller,Parachute","Tanooki Kart","Azure Roller","Parachute",3,3.5,3.25,3.75,3.5,5.25,22.25,4
"328"," Rosalina","Tanooki Kart,Azure Roller,Parachute","Tanooki Kart","Azure Roller","Parachute",3,3.5,3.25,3.75,3.5,5.25,22.25,4
"329","Link","Tanooki Kart,Azure Roller,Cloud Glider","Tanooki Kart","Azure Roller","Cloud Glider",3,3.5,3.25,3.75,3.5,5.25,22.25,4
"330"," King Boo","Tanooki Kart,Azure Roller,Cloud Glider","Tanooki Kart","Azure Roller","Cloud Glider",3,3.5,3.25,3.75,3.5,5.25,22.25,4
"331"," Rosalina","Tanooki Kart,Azure Roller,Cloud Glider","Tanooki Kart","Azure Roller","Cloud Glider",3,3.5,3.25,3.75,3.5,5.25,22.25,4
"332","Link","Tanooki Kart,Azure Roller,Flower Glider","Tanooki Kart","Azure Roller","Flower Glider",3,3.5,3.25,3.75,3.5,5.25,22.25,4
"333"," King Boo","Tanooki Kart,Azure Roller,Flower Glider","Tanooki Kart","Azure Roller","Flower Glider",3,3.5,3.25,3.75,3.5,5.25,22.25,4
"334"," Rosalina","Tanooki Kart,Azure Roller,Flower Glider","Tanooki Kart","Azure Roller","Flower Glider",3,3.5,3.25,3.75,3.5,5.25,22.25,4
"335","Link","Tanooki Kart,Azure Roller,Peach Parasol","Tanooki Kart","Azure Roller","Peach Parasol",3,3.5,3.25,3.75,3.5,5.25,22.25,4
"336"," King Boo","Tanooki Kart,Azure Roller,Peach Parasol","Tanooki Kart","Azure Roller","Peach Parasol",3,3.5,3.25,3.75,3.5,5.25,22.25,4
"337"," Rosalina","Tanooki Kart,Azure Roller,Peach Parasol","Tanooki Kart","Azure Roller","Peach Parasol",3,3.5,3.25,3.75,3.5,5.25,22.25,4
"338","Link","Tanooki Kart,Azure Roller,Paper Glider","Tanooki Kart","Azure Roller","Paper Glider",3,3.5,3.25,3.75,3.5,5.25,22.25,4
"339"," King Boo","Tanooki Kart,Azure Roller,Paper Glider","Tanooki Kart","Azure Roller","Paper Glider",3,3.5,3.25,3.75,3.5,5.25,22.25,4
"340"," Rosalina","Tanooki Kart,Azure Roller,Paper Glider","Tanooki Kart","Azure Roller","Paper Glider",3,3.5,3.25,3.75,3.5,5.25,22.25,4
"341","Link","Koopa Clown,Roller,Parachute","Koopa Clown","Roller","Parachute",3,3.5,3.25,3.75,3.5,5.25,22.25,4
"342"," King Boo","Koopa Clown,Roller,Parachute","Koopa Clown","Roller","Parachute",3,3.5,3.25,3.75,3.5,5.25,22.25,4
"343"," Rosalina","Koopa Clown,Roller,Parachute","Koopa Clown","Roller","Parachute",3,3.5,3.25,3.75,3.5,5.25,22.25,4
"344","Link","Koopa Clown,Roller,Cloud Glider","Koopa Clown","Roller","Cloud Glider",3,3.5,3.25,3.75,3.5,5.25,22.25,4
"345"," King Boo","Koopa Clown,Roller,Cloud Glider","Koopa Clown","Roller","Cloud Glider",3,3.5,3.25,3.75,3.5,5.25,22.25,4
"346"," Rosalina","Koopa Clown,Roller,Cloud Glider","Koopa Clown","Roller","Cloud Glider",3,3.5,3.25,3.75,3.5,5.25,22.25,4
"347","Link","Koopa Clown,Roller,Flower Glider","Koopa Clown","Roller","Flower Glider",3,3.5,3.25,3.75,3.5,5.25,22.25,4
"348"," King Boo","Koopa Clown,Roller,Flower Glider","Koopa Clown","Roller","Flower Glider",3,3.5,3.25,3.75,3.5,5.25,22.25,4
"349"," Rosalina","Koopa Clown,Roller,Flower Glider","Koopa Clown","Roller","Flower Glider",3,3.5,3.25,3.75,3.5,5.25,22.25,4
"350","Link","Koopa Clown,Roller,Peach Parasol","Koopa Clown","Roller","Peach Parasol",3,3.5,3.25,3.75,3.5,5.25,22.25,4
"351"," King Boo","Koopa Clown,Roller,Peach Parasol","Koopa Clown","Roller","Peach Parasol",3,3.5,3.25,3.75,3.5,5.25,22.25,4
"352"," Rosalina","Koopa Clown,Roller,Peach Parasol","Koopa Clown","Roller","Peach Parasol",3,3.5,3.25,3.75,3.5,5.25,22.25,4
"353","Link","Koopa Clown,Roller,Paper Glider","Koopa Clown","Roller","Paper Glider",3,3.5,3.25,3.75,3.5,5.25,22.25,4
"354"," King Boo","Koopa Clown,Roller,Paper Glider","Koopa Clown","Roller","Paper Glider",3,3.5,3.25,3.75,3.5,5.25,22.25,4
"355"," Rosalina","Koopa Clown,Roller,Paper Glider","Koopa Clown","Roller","Paper Glider",3,3.5,3.25,3.75,3.5,5.25,22.25,4
"356","Link","Koopa Clown,Azure Roller,Parachute","Koopa Clown","Azure Roller","Parachute",3,3.5,3.25,3.75,3.5,5.25,22.25,4
"357"," King Boo","Koopa Clown,Azure Roller,Parachute","Koopa Clown","Azure Roller","Parachute",3,3.5,3.25,3.75,3.5,5.25,22.25,4
"358"," Rosalina","Koopa Clown,Azure Roller,Parachute","Koopa Clown","Azure Roller","Parachute",3,3.5,3.25,3.75,3.5,5.25,22.25,4
"359","Link","Koopa Clown,Azure Roller,Cloud Glider","Koopa Clown","Azure Roller","Cloud Glider",3,3.5,3.25,3.75,3.5,5.25,22.25,4
"360"," King Boo","Koopa Clown,Azure Roller,Cloud Glider","Koopa Clown","Azure Roller","Cloud Glider",3,3.5,3.25,3.75,3.5,5.25,22.25,4
"361"," Rosalina","Koopa Clown,Azure Roller,Cloud Glider","Koopa Clown","Azure Roller","Cloud Glider",3,3.5,3.25,3.75,3.5,5.25,22.25,4
"362","Link","Koopa Clown,Azure Roller,Flower Glider","Koopa Clown","Azure Roller","Flower Glider",3,3.5,3.25,3.75,3.5,5.25,22.25,4
"363"," King Boo","Koopa Clown,Azure Roller,Flower Glider","Koopa Clown","Azure Roller","Flower Glider",3,3.5,3.25,3.75,3.5,5.25,22.25,4
"364"," Rosalina","Koopa Clown,Azure Roller,Flower Glider","Koopa Clown","Azure Roller","Flower Glider",3,3.5,3.25,3.75,3.5,5.25,22.25,4
"365","Link","Koopa Clown,Azure Roller,Peach Parasol","Koopa Clown","Azure Roller","Peach Parasol",3,3.5,3.25,3.75,3.5,5.25,22.25,4
"366"," King Boo","Koopa Clown,Azure Roller,Peach Parasol","Koopa Clown","Azure Roller","Peach Parasol",3,3.5,3.25,3.75,3.5,5.25,22.25,4
"367"," Rosalina","Koopa Clown,Azure Roller,Peach Parasol","Koopa Clown","Azure Roller","Peach Parasol",3,3.5,3.25,3.75,3.5,5.25,22.25,4
"368","Link","Koopa Clown,Azure Roller,Paper Glider","Koopa Clown","Azure Roller","Paper Glider",3,3.5,3.25,3.75,3.5,5.25,22.25,4
"369"," King Boo","Koopa Clown,Azure Roller,Paper Glider","Koopa Clown","Azure Roller","Paper Glider",3,3.5,3.25,3.75,3.5,5.25,22.25,4
"370"," Rosalina","Koopa Clown,Azure Roller,Paper Glider","Koopa Clown","Azure Roller","Paper Glider",3,3.5,3.25,3.75,3.5,5.25,22.25,4
"371","Luigi","Tanooki Kart,Roller,Parachute","Tanooki Kart","Roller","Parachute",2.75,3.75,3,4.25,3,5.25,22,3.95
"372"," Iggy","Tanooki Kart,Roller,Parachute","Tanooki Kart","Roller","Parachute",2.75,3.75,3,4.25,3,5.25,22,3.95
"373","Luigi","Tanooki Kart,Roller,Cloud Glider","Tanooki Kart","Roller","Cloud Glider",2.75,3.75,3,4.25,3,5.25,22,3.95
"374"," Iggy","Tanooki Kart,Roller,Cloud Glider","Tanooki Kart","Roller","Cloud Glider",2.75,3.75,3,4.25,3,5.25,22,3.95
"375","Luigi","Tanooki Kart,Roller,Flower Glider","Tanooki Kart","Roller","Flower Glider",2.75,3.75,3,4.25,3,5.25,22,3.95
"376"," Iggy","Tanooki Kart,Roller,Flower Glider","Tanooki Kart","Roller","Flower Glider",2.75,3.75,3,4.25,3,5.25,22,3.95
"377","Luigi","Tanooki Kart,Roller,Peach Parasol","Tanooki Kart","Roller","Peach Parasol",2.75,3.75,3,4.25,3,5.25,22,3.95
"378"," Iggy","Tanooki Kart,Roller,Peach Parasol","Tanooki Kart","Roller","Peach Parasol",2.75,3.75,3,4.25,3,5.25,22,3.95
"379","Luigi","Tanooki Kart,Roller,Paper Glider","Tanooki Kart","Roller","Paper Glider",2.75,3.75,3,4.25,3,5.25,22,3.95
"380"," Iggy","Tanooki Kart,Roller,Paper Glider","Tanooki Kart","Roller","Paper Glider",2.75,3.75,3,4.25,3,5.25,22,3.95
"381","Luigi","Tanooki Kart,Azure Roller,Parachute","Tanooki Kart","Azure Roller","Parachute",2.75,3.75,3,4.25,3,5.25,22,3.95
"382"," Iggy","Tanooki Kart,Azure Roller,Parachute","Tanooki Kart","Azure Roller","Parachute",2.75,3.75,3,4.25,3,5.25,22,3.95
"383","Luigi","Tanooki Kart,Azure Roller,Cloud Glider","Tanooki Kart","Azure Roller","Cloud Glider",2.75,3.75,3,4.25,3,5.25,22,3.95
"384"," Iggy","Tanooki Kart,Azure Roller,Cloud Glider","Tanooki Kart","Azure Roller","Cloud Glider",2.75,3.75,3,4.25,3,5.25,22,3.95
"385","Luigi","Tanooki Kart,Azure Roller,Flower Glider","Tanooki Kart","Azure Roller","Flower Glider",2.75,3.75,3,4.25,3,5.25,22,3.95
"386"," Iggy","Tanooki Kart,Azure Roller,Flower Glider","Tanooki Kart","Azure Roller","Flower Glider",2.75,3.75,3,4.25,3,5.25,22,3.95
"387","Luigi","Tanooki Kart,Azure Roller,Peach Parasol","Tanooki Kart","Azure Roller","Peach Parasol",2.75,3.75,3,4.25,3,5.25,22,3.95
"388"," Iggy","Tanooki Kart,Azure Roller,Peach Parasol","Tanooki Kart","Azure Roller","Peach Parasol",2.75,3.75,3,4.25,3,5.25,22,3.95
"389","Luigi","Tanooki Kart,Azure Roller,Paper Glider","Tanooki Kart","Azure Roller","Paper Glider",2.75,3.75,3,4.25,3,5.25,22,3.95
"390"," Iggy","Tanooki Kart,Azure Roller,Paper Glider","Tanooki Kart","Azure Roller","Paper Glider",2.75,3.75,3,4.25,3,5.25,22,3.95
"391","Luigi","Koopa Clown,Roller,Parachute","Koopa Clown","Roller","Parachute",2.75,3.75,3,4.25,3,5.25,22,3.95
"392"," Iggy","Koopa Clown,Roller,Parachute","Koopa Clown","Roller","Parachute",2.75,3.75,3,4.25,3,5.25,22,3.95
"393","Luigi","Koopa Clown,Roller,Cloud Glider","Koopa Clown","Roller","Cloud Glider",2.75,3.75,3,4.25,3,5.25,22,3.95
"394"," Iggy","Koopa Clown,Roller,Cloud Glider","Koopa Clown","Roller","Cloud Glider",2.75,3.75,3,4.25,3,5.25,22,3.95
"395","Luigi","Koopa Clown,Roller,Flower Glider","Koopa Clown","Roller","Flower Glider",2.75,3.75,3,4.25,3,5.25,22,3.95
"396"," Iggy","Koopa Clown,Roller,Flower Glider","Koopa Clown","Roller","Flower Glider",2.75,3.75,3,4.25,3,5.25,22,3.95
"397","Luigi","Koopa Clown,Roller,Peach Parasol","Koopa Clown","Roller","Peach Parasol",2.75,3.75,3,4.25,3,5.25,22,3.95
"398"," Iggy","Koopa Clown,Roller,Peach Parasol","Koopa Clown","Roller","Peach Parasol",2.75,3.75,3,4.25,3,5.25,22,3.95
"399","Luigi","Koopa Clown,Roller,Paper Glider","Koopa Clown","Roller","Paper Glider",2.75,3.75,3,4.25,3,5.25,22,3.95
"400"," Iggy","Koopa Clown,Roller,Paper Glider","Koopa Clown","Roller","Paper Glider",2.75,3.75,3,4.25,3,5.25,22,3.95
"401","Luigi","Koopa Clown,Azure Roller,Parachute","Koopa Clown","Azure Roller","Parachute",2.75,3.75,3,4.25,3,5.25,22,3.95
"402"," Iggy","Koopa Clown,Azure Roller,Parachute","Koopa Clown","Azure Roller","Parachute",2.75,3.75,3,4.25,3,5.25,22,3.95
"403","Luigi","Koopa Clown,Azure Roller,Cloud Glider","Koopa Clown","Azure Roller","Cloud Glider",2.75,3.75,3,4.25,3,5.25,22,3.95
"404"," Iggy","Koopa Clown,Azure Roller,Cloud Glider","Koopa Clown","Azure Roller","Cloud Glider",2.75,3.75,3,4.25,3,5.25,22,3.95
"405","Luigi","Koopa Clown,Azure Roller,Flower Glider","Koopa Clown","Azure Roller","Flower Glider",2.75,3.75,3,4.25,3,5.25,22,3.95
"406"," Iggy","Koopa Clown,Azure Roller,Flower Glider","Koopa Clown","Azure Roller","Flower Glider",2.75,3.75,3,4.25,3,5.25,22,3.95
"407","Luigi","Koopa Clown,Azure Roller,Peach Parasol","Koopa Clown","Azure Roller","Peach Parasol",2.75,3.75,3,4.25,3,5.25,22,3.95
"408"," Iggy","Koopa Clown,Azure Roller,Peach Parasol","Koopa Clown","Azure Roller","Peach Parasol",2.75,3.75,3,4.25,3,5.25,22,3.95
"409","Luigi","Koopa Clown,Azure Roller,Paper Glider","Koopa Clown","Azure Roller","Paper Glider",2.75,3.75,3,4.25,3,5.25,22,3.95
"410"," Iggy","Koopa Clown,Azure Roller,Paper Glider","Koopa Clown","Azure Roller","Paper Glider",2.75,3.75,3,4.25,3,5.25,22,3.95
"411","Mario","Tanooki Kart,Roller,Parachute","Tanooki Kart","Roller","Parachute",2.75,3.75,3,4,3.25,5.25,22,3.95
"412"," Ludwig","Tanooki Kart,Roller,Parachute","Tanooki Kart","Roller","Parachute",2.75,3.75,3,4,3.25,5.25,22,3.95
"413","Mario","Tanooki Kart,Roller,Cloud Glider","Tanooki Kart","Roller","Cloud Glider",2.75,3.75,3,4,3.25,5.25,22,3.95
"414"," Ludwig","Tanooki Kart,Roller,Cloud Glider","Tanooki Kart","Roller","Cloud Glider",2.75,3.75,3,4,3.25,5.25,22,3.95
"415","Mario","Tanooki Kart,Roller,Flower Glider","Tanooki Kart","Roller","Flower Glider",2.75,3.75,3,4,3.25,5.25,22,3.95
"416"," Ludwig","Tanooki Kart,Roller,Flower Glider","Tanooki Kart","Roller","Flower Glider",2.75,3.75,3,4,3.25,5.25,22,3.95
"417","Mario","Tanooki Kart,Roller,Peach Parasol","Tanooki Kart","Roller","Peach Parasol",2.75,3.75,3,4,3.25,5.25,22,3.95
"418"," Ludwig","Tanooki Kart,Roller,Peach Parasol","Tanooki Kart","Roller","Peach Parasol",2.75,3.75,3,4,3.25,5.25,22,3.95
"419","Mario","Tanooki Kart,Roller,Paper Glider","Tanooki Kart","Roller","Paper Glider",2.75,3.75,3,4,3.25,5.25,22,3.95
"420"," Ludwig","Tanooki Kart,Roller,Paper Glider","Tanooki Kart","Roller","Paper Glider",2.75,3.75,3,4,3.25,5.25,22,3.95
"421","Mario","Tanooki Kart,Azure Roller,Parachute","Tanooki Kart","Azure Roller","Parachute",2.75,3.75,3,4,3.25,5.25,22,3.95
"422"," Ludwig","Tanooki Kart,Azure Roller,Parachute","Tanooki Kart","Azure Roller","Parachute",2.75,3.75,3,4,3.25,5.25,22,3.95
"423","Mario","Tanooki Kart,Azure Roller,Cloud Glider","Tanooki Kart","Azure Roller","Cloud Glider",2.75,3.75,3,4,3.25,5.25,22,3.95
"424"," Ludwig","Tanooki Kart,Azure Roller,Cloud Glider","Tanooki Kart","Azure Roller","Cloud Glider",2.75,3.75,3,4,3.25,5.25,22,3.95
"425","Mario","Tanooki Kart,Azure Roller,Flower Glider","Tanooki Kart","Azure Roller","Flower Glider",2.75,3.75,3,4,3.25,5.25,22,3.95
"426"," Ludwig","Tanooki Kart,Azure Roller,Flower Glider","Tanooki Kart","Azure Roller","Flower Glider",2.75,3.75,3,4,3.25,5.25,22,3.95
"427","Mario","Tanooki Kart,Azure Roller,Peach Parasol","Tanooki Kart","Azure Roller","Peach Parasol",2.75,3.75,3,4,3.25,5.25,22,3.95
"428"," Ludwig","Tanooki Kart,Azure Roller,Peach Parasol","Tanooki Kart","Azure Roller","Peach Parasol",2.75,3.75,3,4,3.25,5.25,22,3.95
"429","Mario","Tanooki Kart,Azure Roller,Paper Glider","Tanooki Kart","Azure Roller","Paper Glider",2.75,3.75,3,4,3.25,5.25,22,3.95
"430"," Ludwig","Tanooki Kart,Azure Roller,Paper Glider","Tanooki Kart","Azure Roller","Paper Glider",2.75,3.75,3,4,3.25,5.25,22,3.95
"431","Mario","Koopa Clown,Roller,Parachute","Koopa Clown","Roller","Parachute",2.75,3.75,3,4,3.25,5.25,22,3.95
"432"," Ludwig","Koopa Clown,Roller,Parachute","Koopa Clown","Roller","Parachute",2.75,3.75,3,4,3.25,5.25,22,3.95
"433","Mario","Koopa Clown,Roller,Cloud Glider","Koopa Clown","Roller","Cloud Glider",2.75,3.75,3,4,3.25,5.25,22,3.95
"434"," Ludwig","Koopa Clown,Roller,Cloud Glider","Koopa Clown","Roller","Cloud Glider",2.75,3.75,3,4,3.25,5.25,22,3.95
"435","Mario","Koopa Clown,Roller,Flower Glider","Koopa Clown","Roller","Flower Glider",2.75,3.75,3,4,3.25,5.25,22,3.95
"436"," Ludwig","Koopa Clown,Roller,Flower Glider","Koopa Clown","Roller","Flower Glider",2.75,3.75,3,4,3.25,5.25,22,3.95
"437","Mario","Koopa Clown,Roller,Peach Parasol","Koopa Clown","Roller","Peach Parasol",2.75,3.75,3,4,3.25,5.25,22,3.95
"438"," Ludwig","Koopa Clown,Roller,Peach Parasol","Koopa Clown","Roller","Peach Parasol",2.75,3.75,3,4,3.25,5.25,22,3.95
"439","Mario","Koopa Clown,Roller,Paper Glider","Koopa Clown","Roller","Paper Glider",2.75,3.75,3,4,3.25,5.25,22,3.95
"440"," Ludwig","Koopa Clown,Roller,Paper Glider","Koopa Clown","Roller","Paper Glider",2.75,3.75,3,4,3.25,5.25,22,3.95
"441","Mario","Koopa Clown,Azure Roller,Parachute","Koopa Clown","Azure Roller","Parachute",2.75,3.75,3,4,3.25,5.25,22,3.95
"442"," Ludwig","Koopa Clown,Azure Roller,Parachute","Koopa Clown","Azure Roller","Parachute",2.75,3.75,3,4,3.25,5.25,22,3.95
"443","Mario","Koopa Clown,Azure Roller,Cloud Glider","Koopa Clown","Azure Roller","Cloud Glider",2.75,3.75,3,4,3.25,5.25,22,3.95
"444"," Ludwig","Koopa Clown,Azure Roller,Cloud Glider","Koopa Clown","Azure Roller","Cloud Glider",2.75,3.75,3,4,3.25,5.25,22,3.95
"445","Mario","Koopa Clown,Azure Roller,Flower Glider","Koopa Clown","Azure Roller","Flower Glider",2.75,3.75,3,4,3.25,5.25,22,3.95
"446"," Ludwig","Koopa Clown,Azure Roller,Flower Glider","Koopa Clown","Azure Roller","Flower Glider",2.75,3.75,3,4,3.25,5.25,22,3.95
"447","Mario","Koopa Clown,Azure Roller,Peach Parasol","Koopa Clown","Azure Roller","Peach Parasol",2.75,3.75,3,4,3.25,5.25,22,3.95
"448"," Ludwig","Koopa Clown,Azure Roller,Peach Parasol","Koopa Clown","Azure Roller","Peach Parasol",2.75,3.75,3,4,3.25,5.25,22,3.95
"449","Mario","Koopa Clown,Azure Roller,Paper Glider","Koopa Clown","Azure Roller","Paper Glider",2.75,3.75,3,4,3.25,5.25,22,3.95
"450"," Ludwig","Koopa Clown,Azure Roller,Paper Glider","Koopa Clown","Azure Roller","Paper Glider",2.75,3.75,3,4,3.25,5.25,22,3.95
"451","Metal/Gold Mario","Tanooki Kart,Roller,Parachute","Tanooki Kart","Roller","Parachute",3.25,3.5,4,3.75,3,5,22.5,4
"452"," Pink Gold Peach","Tanooki Kart,Roller,Parachute","Tanooki Kart","Roller","Parachute",3.25,3.5,4,3.75,3,5,22.5,4
"453","Metal/Gold Mario","Tanooki Kart,Roller,Cloud Glider","Tanooki Kart","Roller","Cloud Glider",3.25,3.5,4,3.75,3,5,22.5,4
"454"," Pink Gold Peach","Tanooki Kart,Roller,Cloud Glider","Tanooki Kart","Roller","Cloud Glider",3.25,3.5,4,3.75,3,5,22.5,4
"455","Metal/Gold Mario","Tanooki Kart,Roller,Flower Glider","Tanooki Kart","Roller","Flower Glider",3.25,3.5,4,3.75,3,5,22.5,4
"456"," Pink Gold Peach","Tanooki Kart,Roller,Flower Glider","Tanooki Kart","Roller","Flower Glider",3.25,3.5,4,3.75,3,5,22.5,4
"457","Metal/Gold Mario","Tanooki Kart,Roller,Peach Parasol","Tanooki Kart","Roller","Peach Parasol",3.25,3.5,4,3.75,3,5,22.5,4
"458"," Pink Gold Peach","Tanooki Kart,Roller,Peach Parasol","Tanooki Kart","Roller","Peach Parasol",3.25,3.5,4,3.75,3,5,22.5,4
"459","Metal/Gold Mario","Tanooki Kart,Roller,Paper Glider","Tanooki Kart","Roller","Paper Glider",3.25,3.5,4,3.75,3,5,22.5,4
"460"," Pink Gold Peach","Tanooki Kart,Roller,Paper Glider","Tanooki Kart","Roller","Paper Glider",3.25,3.5,4,3.75,3,5,22.5,4
"461","Metal/Gold Mario","Tanooki Kart,Azure Roller,Parachute","Tanooki Kart","Azure Roller","Parachute",3.25,3.5,4,3.75,3,5,22.5,4
"462"," Pink Gold Peach","Tanooki Kart,Azure Roller,Parachute","Tanooki Kart","Azure Roller","Parachute",3.25,3.5,4,3.75,3,5,22.5,4
"463","Metal/Gold Mario","Tanooki Kart,Azure Roller,Cloud Glider","Tanooki Kart","Azure Roller","Cloud Glider",3.25,3.5,4,3.75,3,5,22.5,4
"464"," Pink Gold Peach","Tanooki Kart,Azure Roller,Cloud Glider","Tanooki Kart","Azure Roller","Cloud Glider",3.25,3.5,4,3.75,3,5,22.5,4
"465","Metal/Gold Mario","Tanooki Kart,Azure Roller,Flower Glider","Tanooki Kart","Azure Roller","Flower Glider",3.25,3.5,4,3.75,3,5,22.5,4
"466"," Pink Gold Peach","Tanooki Kart,Azure Roller,Flower Glider","Tanooki Kart","Azure Roller","Flower Glider",3.25,3.5,4,3.75,3,5,22.5,4
"467","Metal/Gold Mario","Tanooki Kart,Azure Roller,Peach Parasol","Tanooki Kart","Azure Roller","Peach Parasol",3.25,3.5,4,3.75,3,5,22.5,4
"468"," Pink Gold Peach","Tanooki Kart,Azure Roller,Peach Parasol","Tanooki Kart","Azure Roller","Peach Parasol",3.25,3.5,4,3.75,3,5,22.5,4
"469","Metal/Gold Mario","Tanooki Kart,Azure Roller,Paper Glider","Tanooki Kart","Azure Roller","Paper Glider",3.25,3.5,4,3.75,3,5,22.5,4
"470"," Pink Gold Peach","Tanooki Kart,Azure Roller,Paper Glider","Tanooki Kart","Azure Roller","Paper Glider",3.25,3.5,4,3.75,3,5,22.5,4
"471","Metal/Gold Mario","Koopa Clown,Roller,Parachute","Koopa Clown","Roller","Parachute",3.25,3.5,4,3.75,3,5,22.5,4
"472"," Pink Gold Peach","Koopa Clown,Roller,Parachute","Koopa Clown","Roller","Parachute",3.25,3.5,4,3.75,3,5,22.5,4
"473","Metal/Gold Mario","Koopa Clown,Roller,Cloud Glider","Koopa Clown","Roller","Cloud Glider",3.25,3.5,4,3.75,3,5,22.5,4
"474"," Pink Gold Peach","Koopa Clown,Roller,Cloud Glider","Koopa Clown","Roller","Cloud Glider",3.25,3.5,4,3.75,3,5,22.5,4
"475","Metal/Gold Mario","Koopa Clown,Roller,Flower Glider","Koopa Clown","Roller","Flower Glider",3.25,3.5,4,3.75,3,5,22.5,4
"476"," Pink Gold Peach","Koopa Clown,Roller,Flower Glider","Koopa Clown","Roller","Flower Glider",3.25,3.5,4,3.75,3,5,22.5,4
"477","Metal/Gold Mario","Koopa Clown,Roller,Peach Parasol","Koopa Clown","Roller","Peach Parasol",3.25,3.5,4,3.75,3,5,22.5,4
"478"," Pink Gold Peach","Koopa Clown,Roller,Peach Parasol","Koopa Clown","Roller","Peach Parasol",3.25,3.5,4,3.75,3,5,22.5,4
"479","Metal/Gold Mario","Koopa Clown,Roller,Paper Glider","Koopa Clown","Roller","Paper Glider",3.25,3.5,4,3.75,3,5,22.5,4
"480"," Pink Gold Peach","Koopa Clown,Roller,Paper Glider","Koopa Clown","Roller","Paper Glider",3.25,3.5,4,3.75,3,5,22.5,4
"481","Metal/Gold Mario","Koopa Clown,Azure Roller,Parachute","Koopa Clown","Azure Roller","Parachute",3.25,3.5,4,3.75,3,5,22.5,4
"482"," Pink Gold Peach","Koopa Clown,Azure Roller,Parachute","Koopa Clown","Azure Roller","Parachute",3.25,3.5,4,3.75,3,5,22.5,4
"483","Metal/Gold Mario","Koopa Clown,Azure Roller,Cloud Glider","Koopa Clown","Azure Roller","Cloud Glider",3.25,3.5,4,3.75,3,5,22.5,4
"484"," Pink Gold Peach","Koopa Clown,Azure Roller,Cloud Glider","Koopa Clown","Azure Roller","Cloud Glider",3.25,3.5,4,3.75,3,5,22.5,4
"485","Metal/Gold Mario","Koopa Clown,Azure Roller,Flower Glider","Koopa Clown","Azure Roller","Flower Glider",3.25,3.5,4,3.75,3,5,22.5,4
"486"," Pink Gold Peach","Koopa Clown,Azure Roller,Flower Glider","Koopa Clown","Azure Roller","Flower Glider",3.25,3.5,4,3.75,3,5,22.5,4
"487","Metal/Gold Mario","Koopa Clown,Azure Roller,Peach Parasol","Koopa Clown","Azure Roller","Peach Parasol",3.25,3.5,4,3.75,3,5,22.5,4
"488"," Pink Gold Peach","Koopa Clown,Azure Roller,Peach Parasol","Koopa Clown","Azure Roller","Peach Parasol",3.25,3.5,4,3.75,3,5,22.5,4
"489","Metal/Gold Mario","Koopa Clown,Azure Roller,Paper Glider","Koopa Clown","Azure Roller","Paper Glider",3.25,3.5,4,3.75,3,5,22.5,4
"490"," Pink Gold Peach","Koopa Clown,Azure Roller,Paper Glider","Koopa Clown","Azure Roller","Paper Glider",3.25,3.5,4,3.75,3,5,22.5,4
"491","Peach","Tanooki Kart,Roller,Parachute","Tanooki Kart","Roller","Parachute",2.5,4,2.5,4.25,3.5,5.5,22.25,4
"492"," Daisy","Tanooki Kart,Roller,Parachute","Tanooki Kart","Roller","Parachute",2.5,4,2.5,4.25,3.5,5.5,22.25,4
"493"," Yoshi","Tanooki Kart,Roller,Parachute","Tanooki Kart","Roller","Parachute",2.5,4,2.5,4.25,3.5,5.5,22.25,4
"494","Peach","Tanooki Kart,Roller,Cloud Glider","Tanooki Kart","Roller","Cloud Glider",2.5,4,2.5,4.25,3.5,5.5,22.25,4
"495"," Daisy","Tanooki Kart,Roller,Cloud Glider","Tanooki Kart","Roller","Cloud Glider",2.5,4,2.5,4.25,3.5,5.5,22.25,4
"496"," Yoshi","Tanooki Kart,Roller,Cloud Glider","Tanooki Kart","Roller","Cloud Glider",2.5,4,2.5,4.25,3.5,5.5,22.25,4
"497","Peach","Tanooki Kart,Roller,Flower Glider","Tanooki Kart","Roller","Flower Glider",2.5,4,2.5,4.25,3.5,5.5,22.25,4
"498"," Daisy","Tanooki Kart,Roller,Flower Glider","Tanooki Kart","Roller","Flower Glider",2.5,4,2.5,4.25,3.5,5.5,22.25,4
"499"," Yoshi","Tanooki Kart,Roller,Flower Glider","Tanooki Kart","Roller","Flower Glider",2.5,4,2.5,4.25,3.5,5.5,22.25,4
"500","Peach","Tanooki Kart,Roller,Peach Parasol","Tanooki Kart","Roller","Peach Parasol",2.5,4,2.5,4.25,3.5,5.5,22.25,4
"501"," Daisy","Tanooki Kart,Roller,Peach Parasol","Tanooki Kart","Roller","Peach Parasol",2.5,4,2.5,4.25,3.5,5.5,22.25,4
"502"," Yoshi","Tanooki Kart,Roller,Peach Parasol","Tanooki Kart","Roller","Peach Parasol",2.5,4,2.5,4.25,3.5,5.5,22.25,4
"503","Peach","Tanooki Kart,Roller,Paper Glider","Tanooki Kart","Roller","Paper Glider",2.5,4,2.5,4.25,3.5,5.5,22.25,4
"504"," Daisy","Tanooki Kart,Roller,Paper Glider","Tanooki Kart","Roller","Paper Glider",2.5,4,2.5,4.25,3.5,5.5,22.25,4
"505"," Yoshi","Tanooki Kart,Roller,Paper Glider","Tanooki Kart","Roller","Paper Glider",2.5,4,2.5,4.25,3.5,5.5,22.25,4
"506","Peach","Tanooki Kart,Azure Roller,Parachute","Tanooki Kart","Azure Roller","Parachute",2.5,4,2.5,4.25,3.5,5.5,22.25,4
"507"," Daisy","Tanooki Kart,Azure Roller,Parachute","Tanooki Kart","Azure Roller","Parachute",2.5,4,2.5,4.25,3.5,5.5,22.25,4
"508"," Yoshi","Tanooki Kart,Azure Roller,Parachute","Tanooki Kart","Azure Roller","Parachute",2.5,4,2.5,4.25,3.5,5.5,22.25,4
"509","Peach","Tanooki Kart,Azure Roller,Cloud Glider","Tanooki Kart","Azure Roller","Cloud Glider",2.5,4,2.5,4.25,3.5,5.5,22.25,4
"510"," Daisy","Tanooki Kart,Azure Roller,Cloud Glider","Tanooki Kart","Azure Roller","Cloud Glider",2.5,4,2.5,4.25,3.5,5.5,22.25,4
"511"," Yoshi","Tanooki Kart,Azure Roller,Cloud Glider","Tanooki Kart","Azure Roller","Cloud Glider",2.5,4,2.5,4.25,3.5,5.5,22.25,4
"512","Peach","Tanooki Kart,Azure Roller,Flower Glider","Tanooki Kart","Azure Roller","Flower Glider",2.5,4,2.5,4.25,3.5,5.5,22.25,4
"513"," Daisy","Tanooki Kart,Azure Roller,Flower Glider","Tanooki Kart","Azure Roller","Flower Glider",2.5,4,2.5,4.25,3.5,5.5,22.25,4
"514"," Yoshi","Tanooki Kart,Azure Roller,Flower Glider","Tanooki Kart","Azure Roller","Flower Glider",2.5,4,2.5,4.25,3.5,5.5,22.25,4
"515","Peach","Tanooki Kart,Azure Roller,Peach Parasol","Tanooki Kart","Azure Roller","Peach Parasol",2.5,4,2.5,4.25,3.5,5.5,22.25,4
"516"," Daisy","Tanooki Kart,Azure Roller,Peach Parasol","Tanooki Kart","Azure Roller","Peach Parasol",2.5,4,2.5,4.25,3.5,5.5,22.25,4
"517"," Yoshi","Tanooki Kart,Azure Roller,Peach Parasol","Tanooki Kart","Azure Roller","Peach Parasol",2.5,4,2.5,4.25,3.5,5.5,22.25,4
"518","Peach","Tanooki Kart,Azure Roller,Paper Glider","Tanooki Kart","Azure Roller","Paper Glider",2.5,4,2.5,4.25,3.5,5.5,22.25,4
"519"," Daisy","Tanooki Kart,Azure Roller,Paper Glider","Tanooki Kart","Azure Roller","Paper Glider",2.5,4,2.5,4.25,3.5,5.5,22.25,4
"520"," Yoshi","Tanooki Kart,Azure Roller,Paper Glider","Tanooki Kart","Azure Roller","Paper Glider",2.5,4,2.5,4.25,3.5,5.5,22.25,4
"521","Peach","Koopa Clown,Roller,Parachute","Koopa Clown","Roller","Parachute",2.5,4,2.5,4.25,3.5,5.5,22.25,4
"522"," Daisy","Koopa Clown,Roller,Parachute","Koopa Clown","Roller","Parachute",2.5,4,2.5,4.25,3.5,5.5,22.25,4
"523"," Yoshi","Koopa Clown,Roller,Parachute","Koopa Clown","Roller","Parachute",2.5,4,2.5,4.25,3.5,5.5,22.25,4
"524","Peach","Koopa Clown,Roller,Cloud Glider","Koopa Clown","Roller","Cloud Glider",2.5,4,2.5,4.25,3.5,5.5,22.25,4
"525"," Daisy","Koopa Clown,Roller,Cloud Glider","Koopa Clown","Roller","Cloud Glider",2.5,4,2.5,4.25,3.5,5.5,22.25,4
"526"," Yoshi","Koopa Clown,Roller,Cloud Glider","Koopa Clown","Roller","Cloud Glider",2.5,4,2.5,4.25,3.5,5.5,22.25,4
"527","Peach","Koopa Clown,Roller,Flower Glider","Koopa Clown","Roller","Flower Glider",2.5,4,2.5,4.25,3.5,5.5,22.25,4
"528"," Daisy","Koopa Clown,Roller,Flower Glider","Koopa Clown","Roller","Flower Glider",2.5,4,2.5,4.25,3.5,5.5,22.25,4
"529"," Yoshi","Koopa Clown,Roller,Flower Glider","Koopa Clown","Roller","Flower Glider",2.5,4,2.5,4.25,3.5,5.5,22.25,4
"530","Peach","Koopa Clown,Roller,Peach Parasol","Koopa Clown","Roller","Peach Parasol",2.5,4,2.5,4.25,3.5,5.5,22.25,4
"531"," Daisy","Koopa Clown,Roller,Peach Parasol","Koopa Clown","Roller","Peach Parasol",2.5,4,2.5,4.25,3.5,5.5,22.25,4
"532"," Yoshi","Koopa Clown,Roller,Peach Parasol","Koopa Clown","Roller","Peach Parasol",2.5,4,2.5,4.25,3.5,5.5,22.25,4
"533","Peach","Koopa Clown,Roller,Paper Glider","Koopa Clown","Roller","Paper Glider",2.5,4,2.5,4.25,3.5,5.5,22.25,4
"534"," Daisy","Koopa Clown,Roller,Paper Glider","Koopa Clown","Roller","Paper Glider",2.5,4,2.5,4.25,3.5,5.5,22.25,4
"535"," Yoshi","Koopa Clown,Roller,Paper Glider","Koopa Clown","Roller","Paper Glider",2.5,4,2.5,4.25,3.5,5.5,22.25,4
"536","Peach","Koopa Clown,Azure Roller,Parachute","Koopa Clown","Azure Roller","Parachute",2.5,4,2.5,4.25,3.5,5.5,22.25,4
"537"," Daisy","Koopa Clown,Azure Roller,Parachute","Koopa Clown","Azure Roller","Parachute",2.5,4,2.5,4.25,3.5,5.5,22.25,4
"538"," Yoshi","Koopa Clown,Azure Roller,Parachute","Koopa Clown","Azure Roller","Parachute",2.5,4,2.5,4.25,3.5,5.5,22.25,4
"539","Peach","Koopa Clown,Azure Roller,Cloud Glider","Koopa Clown","Azure Roller","Cloud Glider",2.5,4,2.5,4.25,3.5,5.5,22.25,4
"540"," Daisy","Koopa Clown,Azure Roller,Cloud Glider","Koopa Clown","Azure Roller","Cloud Glider",2.5,4,2.5,4.25,3.5,5.5,22.25,4
"541"," Yoshi","Koopa Clown,Azure Roller,Cloud Glider","Koopa Clown","Azure Roller","Cloud Glider",2.5,4,2.5,4.25,3.5,5.5,22.25,4
"542","Peach","Koopa Clown,Azure Roller,Flower Glider","Koopa Clown","Azure Roller","Flower Glider",2.5,4,2.5,4.25,3.5,5.5,22.25,4
"543"," Daisy","Koopa Clown,Azure Roller,Flower Glider","Koopa Clown","Azure Roller","Flower Glider",2.5,4,2.5,4.25,3.5,5.5,22.25,4
"544"," Yoshi","Koopa Clown,Azure Roller,Flower Glider","Koopa Clown","Azure Roller","Flower Glider",2.5,4,2.5,4.25,3.5,5.5,22.25,4
"545","Peach","Koopa Clown,Azure Roller,Peach Parasol","Koopa Clown","Azure Roller","Peach Parasol",2.5,4,2.5,4.25,3.5,5.5,22.25,4
"546"," Daisy","Koopa Clown,Azure Roller,Peach Parasol","Koopa Clown","Azure Roller","Peach Parasol",2.5,4,2.5,4.25,3.5,5.5,22.25,4
"547"," Yoshi","Koopa Clown,Azure Roller,Peach Parasol","Koopa Clown","Azure Roller","Peach Parasol",2.5,4,2.5,4.25,3.5,5.5,22.25,4
"548","Peach","Koopa Clown,Azure Roller,Paper Glider","Koopa Clown","Azure Roller","Paper Glider",2.5,4,2.5,4.25,3.5,5.5,22.25,4
"549"," Daisy","Koopa Clown,Azure Roller,Paper Glider","Koopa Clown","Azure Roller","Paper Glider",2.5,4,2.5,4.25,3.5,5.5,22.25,4
"550"," Yoshi","Koopa Clown,Azure Roller,Paper Glider","Koopa Clown","Azure Roller","Paper Glider",2.5,4,2.5,4.25,3.5,5.5,22.25,4
"551","Tanooki Mario","Tanooki Kart,Roller,Parachute","Tanooki Kart","Roller","Parachute",2.5,4,2.75,4.25,3,5.5,22,4
"552"," Inkling Boy","Tanooki Kart,Roller,Parachute","Tanooki Kart","Roller","Parachute",2.5,4,2.75,4.25,3,5.5,22,4
"553"," Villager Boy","Tanooki Kart,Roller,Parachute","Tanooki Kart","Roller","Parachute",2.5,4,2.75,4.25,3,5.5,22,4
"554","Tanooki Mario","Tanooki Kart,Roller,Cloud Glider","Tanooki Kart","Roller","Cloud Glider",2.5,4,2.75,4.25,3,5.5,22,4
"555"," Inkling Boy","Tanooki Kart,Roller,Cloud Glider","Tanooki Kart","Roller","Cloud Glider",2.5,4,2.75,4.25,3,5.5,22,4
"556"," Villager Boy","Tanooki Kart,Roller,Cloud Glider","Tanooki Kart","Roller","Cloud Glider",2.5,4,2.75,4.25,3,5.5,22,4
"557","Tanooki Mario","Tanooki Kart,Roller,Flower Glider","Tanooki Kart","Roller","Flower Glider",2.5,4,2.75,4.25,3,5.5,22,4
"558"," Inkling Boy","Tanooki Kart,Roller,Flower Glider","Tanooki Kart","Roller","Flower Glider",2.5,4,2.75,4.25,3,5.5,22,4
"559"," Villager Boy","Tanooki Kart,Roller,Flower Glider","Tanooki Kart","Roller","Flower Glider",2.5,4,2.75,4.25,3,5.5,22,4
"560","Tanooki Mario","Tanooki Kart,Roller,Peach Parasol","Tanooki Kart","Roller","Peach Parasol",2.5,4,2.75,4.25,3,5.5,22,4
"561"," Inkling Boy","Tanooki Kart,Roller,Peach Parasol","Tanooki Kart","Roller","Peach Parasol",2.5,4,2.75,4.25,3,5.5,22,4
"562"," Villager Boy","Tanooki Kart,Roller,Peach Parasol","Tanooki Kart","Roller","Peach Parasol",2.5,4,2.75,4.25,3,5.5,22,4
"563","Tanooki Mario","Tanooki Kart,Roller,Paper Glider","Tanooki Kart","Roller","Paper Glider",2.5,4,2.75,4.25,3,5.5,22,4
"564"," Inkling Boy","Tanooki Kart,Roller,Paper Glider","Tanooki Kart","Roller","Paper Glider",2.5,4,2.75,4.25,3,5.5,22,4
"565"," Villager Boy","Tanooki Kart,Roller,Paper Glider","Tanooki Kart","Roller","Paper Glider",2.5,4,2.75,4.25,3,5.5,22,4
"566","Tanooki Mario","Tanooki Kart,Azure Roller,Parachute","Tanooki Kart","Azure Roller","Parachute",2.5,4,2.75,4.25,3,5.5,22,4
"567"," Inkling Boy","Tanooki Kart,Azure Roller,Parachute","Tanooki Kart","Azure Roller","Parachute",2.5,4,2.75,4.25,3,5.5,22,4
"568"," Villager Boy","Tanooki Kart,Azure Roller,Parachute","Tanooki Kart","Azure Roller","Parachute",2.5,4,2.75,4.25,3,5.5,22,4
"569","Tanooki Mario","Tanooki Kart,Azure Roller,Cloud Glider","Tanooki Kart","Azure Roller","Cloud Glider",2.5,4,2.75,4.25,3,5.5,22,4
"570"," Inkling Boy","Tanooki Kart,Azure Roller,Cloud Glider","Tanooki Kart","Azure Roller","Cloud Glider",2.5,4,2.75,4.25,3,5.5,22,4
"571"," Villager Boy","Tanooki Kart,Azure Roller,Cloud Glider","Tanooki Kart","Azure Roller","Cloud Glider",2.5,4,2.75,4.25,3,5.5,22,4
"572","Tanooki Mario","Tanooki Kart,Azure Roller,Flower Glider","Tanooki Kart","Azure Roller","Flower Glider",2.5,4,2.75,4.25,3,5.5,22,4
"573"," Inkling Boy","Tanooki Kart,Azure Roller,Flower Glider","Tanooki Kart","Azure Roller","Flower Glider",2.5,4,2.75,4.25,3,5.5,22,4
"574"," Villager Boy","Tanooki Kart,Azure Roller,Flower Glider","Tanooki Kart","Azure Roller","Flower Glider",2.5,4,2.75,4.25,3,5.5,22,4
"575","Tanooki Mario","Tanooki Kart,Azure Roller,Peach Parasol","Tanooki Kart","Azure Roller","Peach Parasol",2.5,4,2.75,4.25,3,5.5,22,4
"576"," Inkling Boy","Tanooki Kart,Azure Roller,Peach Parasol","Tanooki Kart","Azure Roller","Peach Parasol",2.5,4,2.75,4.25,3,5.5,22,4
"577"," Villager Boy","Tanooki Kart,Azure Roller,Peach Parasol","Tanooki Kart","Azure Roller","Peach Parasol",2.5,4,2.75,4.25,3,5.5,22,4
"578","Tanooki Mario","Tanooki Kart,Azure Roller,Paper Glider","Tanooki Kart","Azure Roller","Paper Glider",2.5,4,2.75,4.25,3,5.5,22,4
"579"," Inkling Boy","Tanooki Kart,Azure Roller,Paper Glider","Tanooki Kart","Azure Roller","Paper Glider",2.5,4,2.75,4.25,3,5.5,22,4
"580"," Villager Boy","Tanooki Kart,Azure Roller,Paper Glider","Tanooki Kart","Azure Roller","Paper Glider",2.5,4,2.75,4.25,3,5.5,22,4
"581","Tanooki Mario","Koopa Clown,Roller,Parachute","Koopa Clown","Roller","Parachute",2.5,4,2.75,4.25,3,5.5,22,4
"582"," Inkling Boy","Koopa Clown,Roller,Parachute","Koopa Clown","Roller","Parachute",2.5,4,2.75,4.25,3,5.5,22,4
"583"," Villager Boy","Koopa Clown,Roller,Parachute","Koopa Clown","Roller","Parachute",2.5,4,2.75,4.25,3,5.5,22,4
"584","Tanooki Mario","Koopa Clown,Roller,Cloud Glider","Koopa Clown","Roller","Cloud Glider",2.5,4,2.75,4.25,3,5.5,22,4
"585"," Inkling Boy","Koopa Clown,Roller,Cloud Glider","Koopa Clown","Roller","Cloud Glider",2.5,4,2.75,4.25,3,5.5,22,4
"586"," Villager Boy","Koopa Clown,Roller,Cloud Glider","Koopa Clown","Roller","Cloud Glider",2.5,4,2.75,4.25,3,5.5,22,4
"587","Tanooki Mario","Koopa Clown,Roller,Flower Glider","Koopa Clown","Roller","Flower Glider",2.5,4,2.75,4.25,3,5.5,22,4
"588"," Inkling Boy","Koopa Clown,Roller,Flower Glider","Koopa Clown","Roller","Flower Glider",2.5,4,2.75,4.25,3,5.5,22,4
"589"," Villager Boy","Koopa Clown,Roller,Flower Glider","Koopa Clown","Roller","Flower Glider",2.5,4,2.75,4.25,3,5.5,22,4
"590","Tanooki Mario","Koopa Clown,Roller,Peach Parasol","Koopa Clown","Roller","Peach Parasol",2.5,4,2.75,4.25,3,5.5,22,4
"591"," Inkling Boy","Koopa Clown,Roller,Peach Parasol","Koopa Clown","Roller","Peach Parasol",2.5,4,2.75,4.25,3,5.5,22,4
"592"," Villager Boy","Koopa Clown,Roller,Peach Parasol","Koopa Clown","Roller","Peach Parasol",2.5,4,2.75,4.25,3,5.5,22,4
"593","Tanooki Mario","Koopa Clown,Roller,Paper Glider","Koopa Clown","Roller","Paper Glider",2.5,4,2.75,4.25,3,5.5,22,4
"594"," Inkling Boy","Koopa Clown,Roller,Paper Glider","Koopa Clown","Roller","Paper Glider",2.5,4,2.75,4.25,3,5.5,22,4
"595"," Villager Boy","Koopa Clown,Roller,Paper Glider","Koopa Clown","Roller","Paper Glider",2.5,4,2.75,4.25,3,5.5,22,4
"596","Tanooki Mario","Koopa Clown,Azure Roller,Parachute","Koopa Clown","Azure Roller","Parachute",2.5,4,2.75,4.25,3,5.5,22,4
"597"," Inkling Boy","Koopa Clown,Azure Roller,Parachute","Koopa Clown","Azure Roller","Parachute",2.5,4,2.75,4.25,3,5.5,22,4
"598"," Villager Boy","Koopa Clown,Azure Roller,Parachute","Koopa Clown","Azure Roller","Parachute",2.5,4,2.75,4.25,3,5.5,22,4
"599","Tanooki Mario","Koopa Clown,Azure Roller,Cloud Glider","Koopa Clown","Azure Roller","Cloud Glider",2.5,4,2.75,4.25,3,5.5,22,4
"600"," Inkling Boy","Koopa Clown,Azure Roller,Cloud Glider","Koopa Clown","Azure Roller","Cloud Glider",2.5,4,2.75,4.25,3,5.5,22,4
"601"," Villager Boy","Koopa Clown,Azure Roller,Cloud Glider","Koopa Clown","Azure Roller","Cloud Glider",2.5,4,2.75,4.25,3,5.5,22,4
"602","Tanooki Mario","Koopa Clown,Azure Roller,Flower Glider","Koopa Clown","Azure Roller","Flower Glider",2.5,4,2.75,4.25,3,5.5,22,4
"603"," Inkling Boy","Koopa Clown,Azure Roller,Flower Glider","Koopa Clown","Azure Roller","Flower Glider",2.5,4,2.75,4.25,3,5.5,22,4
"604"," Villager Boy","Koopa Clown,Azure Roller,Flower Glider","Koopa Clown","Azure Roller","Flower Glider",2.5,4,2.75,4.25,3,5.5,22,4
"605","Tanooki Mario","Koopa Clown,Azure Roller,Peach Parasol","Koopa Clown","Azure Roller","Peach Parasol",2.5,4,2.75,4.25,3,5.5,22,4
"606"," Inkling Boy","Koopa Clown,Azure Roller,Peach Parasol","Koopa Clown","Azure Roller","Peach Parasol",2.5,4,2.75,4.25,3,5.5,22,4
"607"," Villager Boy","Koopa Clown,Azure Roller,Peach Parasol","Koopa Clown","Azure Roller","Peach Parasol",2.5,4,2.75,4.25,3,5.5,22,4
"608","Tanooki Mario","Koopa Clown,Azure Roller,Paper Glider","Koopa Clown","Azure Roller","Paper Glider",2.5,4,2.75,4.25,3,5.5,22,4
"609"," Inkling Boy","Koopa Clown,Azure Roller,Paper Glider","Koopa Clown","Azure Roller","Paper Glider",2.5,4,2.75,4.25,3,5.5,22,4
"610"," Villager Boy","Koopa Clown,Azure Roller,Paper Glider","Koopa Clown","Azure Roller","Paper Glider",2.5,4,2.75,4.25,3,5.5,22,4
"611","Toad","Tanooki Kart,Roller,Parachute","Tanooki Kart","Roller","Parachute",2,4.25,2.25,4.75,3.75,5.5,22.5,3.85
"612"," ShyGuy","Tanooki Kart,Roller,Parachute","Tanooki Kart","Roller","Parachute",2,4.25,2.25,4.75,3.75,5.5,22.5,3.85
"613"," Larry","Tanooki Kart,Roller,Parachute","Tanooki Kart","Roller","Parachute",2,4.25,2.25,4.75,3.75,5.5,22.5,3.85
"614","Toad","Tanooki Kart,Roller,Cloud Glider","Tanooki Kart","Roller","Cloud Glider",2,4.25,2.25,4.75,3.75,5.5,22.5,3.85
"615"," ShyGuy","Tanooki Kart,Roller,Cloud Glider","Tanooki Kart","Roller","Cloud Glider",2,4.25,2.25,4.75,3.75,5.5,22.5,3.85
"616"," Larry","Tanooki Kart,Roller,Cloud Glider","Tanooki Kart","Roller","Cloud Glider",2,4.25,2.25,4.75,3.75,5.5,22.5,3.85
"617","Toad","Tanooki Kart,Roller,Flower Glider","Tanooki Kart","Roller","Flower Glider",2,4.25,2.25,4.75,3.75,5.5,22.5,3.85
"618"," ShyGuy","Tanooki Kart,Roller,Flower Glider","Tanooki Kart","Roller","Flower Glider",2,4.25,2.25,4.75,3.75,5.5,22.5,3.85
"619"," Larry","Tanooki Kart,Roller,Flower Glider","Tanooki Kart","Roller","Flower Glider",2,4.25,2.25,4.75,3.75,5.5,22.5,3.85
"620","Toad","Tanooki Kart,Roller,Peach Parasol","Tanooki Kart","Roller","Peach Parasol",2,4.25,2.25,4.75,3.75,5.5,22.5,3.85
"621"," ShyGuy","Tanooki Kart,Roller,Peach Parasol","Tanooki Kart","Roller","Peach Parasol",2,4.25,2.25,4.75,3.75,5.5,22.5,3.85
"622"," Larry","Tanooki Kart,Roller,Peach Parasol","Tanooki Kart","Roller","Peach Parasol",2,4.25,2.25,4.75,3.75,5.5,22.5,3.85
"623","Toad","Tanooki Kart,Roller,Paper Glider","Tanooki Kart","Roller","Paper Glider",2,4.25,2.25,4.75,3.75,5.5,22.5,3.85
"624"," ShyGuy","Tanooki Kart,Roller,Paper Glider","Tanooki Kart","Roller","Paper Glider",2,4.25,2.25,4.75,3.75,5.5,22.5,3.85
"625"," Larry","Tanooki Kart,Roller,Paper Glider","Tanooki Kart","Roller","Paper Glider",2,4.25,2.25,4.75,3.75,5.5,22.5,3.85
"626","Toad","Tanooki Kart,Azure Roller,Parachute","Tanooki Kart","Azure Roller","Parachute",2,4.25,2.25,4.75,3.75,5.5,22.5,3.85
"627"," ShyGuy","Tanooki Kart,Azure Roller,Parachute","Tanooki Kart","Azure Roller","Parachute",2,4.25,2.25,4.75,3.75,5.5,22.5,3.85
"628"," Larry","Tanooki Kart,Azure Roller,Parachute","Tanooki Kart","Azure Roller","Parachute",2,4.25,2.25,4.75,3.75,5.5,22.5,3.85
"629","Toad","Tanooki Kart,Azure Roller,Cloud Glider","Tanooki Kart","Azure Roller","Cloud Glider",2,4.25,2.25,4.75,3.75,5.5,22.5,3.85
"630"," ShyGuy","Tanooki Kart,Azure Roller,Cloud Glider","Tanooki Kart","Azure Roller","Cloud Glider",2,4.25,2.25,4.75,3.75,5.5,22.5,3.85
"631"," Larry","Tanooki Kart,Azure Roller,Cloud Glider","Tanooki Kart","Azure Roller","Cloud Glider",2,4.25,2.25,4.75,3.75,5.5,22.5,3.85
"632","Toad","Tanooki Kart,Azure Roller,Flower Glider","Tanooki Kart","Azure Roller","Flower Glider",2,4.25,2.25,4.75,3.75,5.5,22.5,3.85
"633"," ShyGuy","Tanooki Kart,Azure Roller,Flower Glider","Tanooki Kart","Azure Roller","Flower Glider",2,4.25,2.25,4.75,3.75,5.5,22.5,3.85
"634"," Larry","Tanooki Kart,Azure Roller,Flower Glider","Tanooki Kart","Azure Roller","Flower Glider",2,4.25,2.25,4.75,3.75,5.5,22.5,3.85
"635","Toad","Tanooki Kart,Azure Roller,Peach Parasol","Tanooki Kart","Azure Roller","Peach Parasol",2,4.25,2.25,4.75,3.75,5.5,22.5,3.85
"636"," ShyGuy","Tanooki Kart,Azure Roller,Peach Parasol","Tanooki Kart","Azure Roller","Peach Parasol",2,4.25,2.25,4.75,3.75,5.5,22.5,3.85
"637"," Larry","Tanooki Kart,Azure Roller,Peach Parasol","Tanooki Kart","Azure Roller","Peach Parasol",2,4.25,2.25,4.75,3.75,5.5,22.5,3.85
"638","Toad","Tanooki Kart,Azure Roller,Paper Glider","Tanooki Kart","Azure Roller","Paper Glider",2,4.25,2.25,4.75,3.75,5.5,22.5,3.85
"639"," ShyGuy","Tanooki Kart,Azure Roller,Paper Glider","Tanooki Kart","Azure Roller","Paper Glider",2,4.25,2.25,4.75,3.75,5.5,22.5,3.85
"640"," Larry","Tanooki Kart,Azure Roller,Paper Glider","Tanooki Kart","Azure Roller","Paper Glider",2,4.25,2.25,4.75,3.75,5.5,22.5,3.85
"641","Toad","Koopa Clown,Roller,Parachute","Koopa Clown","Roller","Parachute",2,4.25,2.25,4.75,3.75,5.5,22.5,3.85
"642"," ShyGuy","Koopa Clown,Roller,Parachute","Koopa Clown","Roller","Parachute",2,4.25,2.25,4.75,3.75,5.5,22.5,3.85
"643"," Larry","Koopa Clown,Roller,Parachute","Koopa Clown","Roller","Parachute",2,4.25,2.25,4.75,3.75,5.5,22.5,3.85
"644","Toad","Koopa Clown,Roller,Cloud Glider","Koopa Clown","Roller","Cloud Glider",2,4.25,2.25,4.75,3.75,5.5,22.5,3.85
"645"," ShyGuy","Koopa Clown,Roller,Cloud Glider","Koopa Clown","Roller","Cloud Glider",2,4.25,2.25,4.75,3.75,5.5,22.5,3.85
"646"," Larry","Koopa Clown,Roller,Cloud Glider","Koopa Clown","Roller","Cloud Glider",2,4.25,2.25,4.75,3.75,5.5,22.5,3.85
"647","Toad","Koopa Clown,Roller,Flower Glider","Koopa Clown","Roller","Flower Glider",2,4.25,2.25,4.75,3.75,5.5,22.5,3.85
"648"," ShyGuy","Koopa Clown,Roller,Flower Glider","Koopa Clown","Roller","Flower Glider",2,4.25,2.25,4.75,3.75,5.5,22.5,3.85
"649"," Larry","Koopa Clown,Roller,Flower Glider","Koopa Clown","Roller","Flower Glider",2,4.25,2.25,4.75,3.75,5.5,22.5,3.85
"650","Toad","Koopa Clown,Roller,Peach Parasol","Koopa Clown","Roller","Peach Parasol",2,4.25,2.25,4.75,3.75,5.5,22.5,3.85
"651"," ShyGuy","Koopa Clown,Roller,Peach Parasol","Koopa Clown","Roller","Peach Parasol",2,4.25,2.25,4.75,3.75,5.5,22.5,3.85
"652"," Larry","Koopa Clown,Roller,Peach Parasol","Koopa Clown","Roller","Peach Parasol",2,4.25,2.25,4.75,3.75,5.5,22.5,3.85
"653","Toad","Koopa Clown,Roller,Paper Glider","Koopa Clown","Roller","Paper Glider",2,4.25,2.25,4.75,3.75,5.5,22.5,3.85
"654"," ShyGuy","Koopa Clown,Roller,Paper Glider","Koopa Clown","Roller","Paper Glider",2,4.25,2.25,4.75,3.75,5.5,22.5,3.85
"655"," Larry","Koopa Clown,Roller,Paper Glider","Koopa Clown","Roller","Paper Glider",2,4.25,2.25,4.75,3.75,5.5,22.5,3.85
"656","Toad","Koopa Clown,Azure Roller,Parachute","Koopa Clown","Azure Roller","Parachute",2,4.25,2.25,4.75,3.75,5.5,22.5,3.85
"657"," ShyGuy","Koopa Clown,Azure Roller,Parachute","Koopa Clown","Azure Roller","Parachute",2,4.25,2.25,4.75,3.75,5.5,22.5,3.85
"658"," Larry","Koopa Clown,Azure Roller,Parachute","Koopa Clown","Azure Roller","Parachute",2,4.25,2.25,4.75,3.75,5.5,22.5,3.85
"659","Toad","Koopa Clown,Azure Roller,Cloud Glider","Koopa Clown","Azure Roller","Cloud Glider",2,4.25,2.25,4.75,3.75,5.5,22.5,3.85
"660"," ShyGuy","Koopa Clown,Azure Roller,Cloud Glider","Koopa Clown","Azure Roller","Cloud Glider",2,4.25,2.25,4.75,3.75,5.5,22.5,3.85
"661"," Larry","Koopa Clown,Azure Roller,Cloud Glider","Koopa Clown","Azure Roller","Cloud Glider",2,4.25,2.25,4.75,3.75,5.5,22.5,3.85
"662","Toad","Koopa Clown,Azure Roller,Flower Glider","Koopa Clown","Azure Roller","Flower Glider",2,4.25,2.25,4.75,3.75,5.5,22.5,3.85
"663"," ShyGuy","Koopa Clown,Azure Roller,Flower Glider","Koopa Clown","Azure Roller","Flower Glider",2,4.25,2.25,4.75,3.75,5.5,22.5,3.85
"664"," Larry","Koopa Clown,Azure Roller,Flower Glider","Koopa Clown","Azure Roller","Flower Glider",2,4.25,2.25,4.75,3.75,5.5,22.5,3.85
"665","Toad","Koopa Clown,Azure Roller,Peach Parasol","Koopa Clown","Azure Roller","Peach Parasol",2,4.25,2.25,4.75,3.75,5.5,22.5,3.85
"666"," ShyGuy","Koopa Clown,Azure Roller,Peach Parasol","Koopa Clown","Azure Roller","Peach Parasol",2,4.25,2.25,4.75,3.75,5.5,22.5,3.85
"667"," Larry","Koopa Clown,Azure Roller,Peach Parasol","Koopa Clown","Azure Roller","Peach Parasol",2,4.25,2.25,4.75,3.75,5.5,22.5,3.85
"668","Toad","Koopa Clown,Azure Roller,Paper Glider","Koopa Clown","Azure Roller","Paper Glider",2,4.25,2.25,4.75,3.75,5.5,22.5,3.85
"669"," ShyGuy","Koopa Clown,Azure Roller,Paper Glider","Koopa Clown","Azure Roller","Paper Glider",2,4.25,2.25,4.75,3.75,5.5,22.5,3.85
"670"," Larry","Koopa Clown,Azure Roller,Paper Glider","Koopa Clown","Azure Roller","Paper Glider",2,4.25,2.25,4.75,3.75,5.5,22.5,3.85
"671","Toadette","Tanooki Kart,Roller,Parachute","Tanooki Kart","Roller","Parachute",1.75,4.5,2,4.75,3.25,5.75,22,3.9
"672"," Wendy","Tanooki Kart,Roller,Parachute","Tanooki Kart","Roller","Parachute",1.75,4.5,2,4.75,3.25,5.75,22,3.9
"673"," Isabelle","Tanooki Kart,Roller,Parachute","Tanooki Kart","Roller","Parachute",1.75,4.5,2,4.75,3.25,5.75,22,3.9
"674","Toadette","Tanooki Kart,Roller,Cloud Glider","Tanooki Kart","Roller","Cloud Glider",1.75,4.5,2,4.75,3.25,5.75,22,3.9
"675"," Wendy","Tanooki Kart,Roller,Cloud Glider","Tanooki Kart","Roller","Cloud Glider",1.75,4.5,2,4.75,3.25,5.75,22,3.9
"676"," Isabelle","Tanooki Kart,Roller,Cloud Glider","Tanooki Kart","Roller","Cloud Glider",1.75,4.5,2,4.75,3.25,5.75,22,3.9
"677","Toadette","Tanooki Kart,Roller,Flower Glider","Tanooki Kart","Roller","Flower Glider",1.75,4.5,2,4.75,3.25,5.75,22,3.9
"678"," Wendy","Tanooki Kart,Roller,Flower Glider","Tanooki Kart","Roller","Flower Glider",1.75,4.5,2,4.75,3.25,5.75,22,3.9
"679"," Isabelle","Tanooki Kart,Roller,Flower Glider","Tanooki Kart","Roller","Flower Glider",1.75,4.5,2,4.75,3.25,5.75,22,3.9
"680","Toadette","Tanooki Kart,Roller,Peach Parasol","Tanooki Kart","Roller","Peach Parasol",1.75,4.5,2,4.75,3.25,5.75,22,3.9
"681"," Wendy","Tanooki Kart,Roller,Peach Parasol","Tanooki Kart","Roller","Peach Parasol",1.75,4.5,2,4.75,3.25,5.75,22,3.9
"682"," Isabelle","Tanooki Kart,Roller,Peach Parasol","Tanooki Kart","Roller","Peach Parasol",1.75,4.5,2,4.75,3.25,5.75,22,3.9
"683","Toadette","Tanooki Kart,Roller,Paper Glider","Tanooki Kart","Roller","Paper Glider",1.75,4.5,2,4.75,3.25,5.75,22,3.9
"684"," Wendy","Tanooki Kart,Roller,Paper Glider","Tanooki Kart","Roller","Paper Glider",1.75,4.5,2,4.75,3.25,5.75,22,3.9
"685"," Isabelle","Tanooki Kart,Roller,Paper Glider","Tanooki Kart","Roller","Paper Glider",1.75,4.5,2,4.75,3.25,5.75,22,3.9
"686","Toadette","Tanooki Kart,Azure Roller,Parachute","Tanooki Kart","Azure Roller","Parachute",1.75,4.5,2,4.75,3.25,5.75,22,3.9
"687"," Wendy","Tanooki Kart,Azure Roller,Parachute","Tanooki Kart","Azure Roller","Parachute",1.75,4.5,2,4.75,3.25,5.75,22,3.9
"688"," Isabelle","Tanooki Kart,Azure Roller,Parachute","Tanooki Kart","Azure Roller","Parachute",1.75,4.5,2,4.75,3.25,5.75,22,3.9
"689","Toadette","Tanooki Kart,Azure Roller,Cloud Glider","Tanooki Kart","Azure Roller","Cloud Glider",1.75,4.5,2,4.75,3.25,5.75,22,3.9
"690"," Wendy","Tanooki Kart,Azure Roller,Cloud Glider","Tanooki Kart","Azure Roller","Cloud Glider",1.75,4.5,2,4.75,3.25,5.75,22,3.9
"691"," Isabelle","Tanooki Kart,Azure Roller,Cloud Glider","Tanooki Kart","Azure Roller","Cloud Glider",1.75,4.5,2,4.75,3.25,5.75,22,3.9
"692","Toadette","Tanooki Kart,Azure Roller,Flower Glider","Tanooki Kart","Azure Roller","Flower Glider",1.75,4.5,2,4.75,3.25,5.75,22,3.9
"693"," Wendy","Tanooki Kart,Azure Roller,Flower Glider","Tanooki Kart","Azure Roller","Flower Glider",1.75,4.5,2,4.75,3.25,5.75,22,3.9
"694"," Isabelle","Tanooki Kart,Azure Roller,Flower Glider","Tanooki Kart","Azure Roller","Flower Glider",1.75,4.5,2,4.75,3.25,5.75,22,3.9
"695","Toadette","Tanooki Kart,Azure Roller,Peach Parasol","Tanooki Kart","Azure Roller","Peach Parasol",1.75,4.5,2,4.75,3.25,5.75,22,3.9
"696"," Wendy","Tanooki Kart,Azure Roller,Peach Parasol","Tanooki Kart","Azure Roller","Peach Parasol",1.75,4.5,2,4.75,3.25,5.75,22,3.9
"697"," Isabelle","Tanooki Kart,Azure Roller,Peach Parasol","Tanooki Kart","Azure Roller","Peach Parasol",1.75,4.5,2,4.75,3.25,5.75,22,3.9
"698","Toadette","Tanooki Kart,Azure Roller,Paper Glider","Tanooki Kart","Azure Roller","Paper Glider",1.75,4.5,2,4.75,3.25,5.75,22,3.9
"699"," Wendy","Tanooki Kart,Azure Roller,Paper Glider","Tanooki Kart","Azure Roller","Paper Glider",1.75,4.5,2,4.75,3.25,5.75,22,3.9
"700"," Isabelle","Tanooki Kart,Azure Roller,Paper Glider","Tanooki Kart","Azure Roller","Paper Glider",1.75,4.5,2,4.75,3.25,5.75,22,3.9
"701","Toadette","Koopa Clown,Roller,Parachute","Koopa Clown","Roller","Parachute",1.75,4.5,2,4.75,3.25,5.75,22,3.9
"702"," Wendy","Koopa Clown,Roller,Parachute","Koopa Clown","Roller","Parachute",1.75,4.5,2,4.75,3.25,5.75,22,3.9
"703"," Isabelle","Koopa Clown,Roller,Parachute","Koopa Clown","Roller","Parachute",1.75,4.5,2,4.75,3.25,5.75,22,3.9
"704","Toadette","Koopa Clown,Roller,Cloud Glider","Koopa Clown","Roller","Cloud Glider",1.75,4.5,2,4.75,3.25,5.75,22,3.9
"705"," Wendy","Koopa Clown,Roller,Cloud Glider","Koopa Clown","Roller","Cloud Glider",1.75,4.5,2,4.75,3.25,5.75,22,3.9
"706"," Isabelle","Koopa Clown,Roller,Cloud Glider","Koopa Clown","Roller","Cloud Glider",1.75,4.5,2,4.75,3.25,5.75,22,3.9
"707","Toadette","Koopa Clown,Roller,Flower Glider","Koopa Clown","Roller","Flower Glider",1.75,4.5,2,4.75,3.25,5.75,22,3.9
"708"," Wendy","Koopa Clown,Roller,Flower Glider","Koopa Clown","Roller","Flower Glider",1.75,4.5,2,4.75,3.25,5.75,22,3.9
"709"," Isabelle","Koopa Clown,Roller,Flower Glider","Koopa Clown","Roller","Flower Glider",1.75,4.5,2,4.75,3.25,5.75,22,3.9
"710","Toadette","Koopa Clown,Roller,Peach Parasol","Koopa Clown","Roller","Peach Parasol",1.75,4.5,2,4.75,3.25,5.75,22,3.9
"711"," Wendy","Koopa Clown,Roller,Peach Parasol","Koopa Clown","Roller","Peach Parasol",1.75,4.5,2,4.75,3.25,5.75,22,3.9
"712"," Isabelle","Koopa Clown,Roller,Peach Parasol","Koopa Clown","Roller","Peach Parasol",1.75,4.5,2,4.75,3.25,5.75,22,3.9
"713","Toadette","Koopa Clown,Roller,Paper Glider","Koopa Clown","Roller","Paper Glider",1.75,4.5,2,4.75,3.25,5.75,22,3.9
"714"," Wendy","Koopa Clown,Roller,Paper Glider","Koopa Clown","Roller","Paper Glider",1.75,4.5,2,4.75,3.25,5.75,22,3.9
"715"," Isabelle","Koopa Clown,Roller,Paper Glider","Koopa Clown","Roller","Paper Glider",1.75,4.5,2,4.75,3.25,5.75,22,3.9
"716","Toadette","Koopa Clown,Azure Roller,Parachute","Koopa Clown","Azure Roller","Parachute",1.75,4.5,2,4.75,3.25,5.75,22,3.9
"717"," Wendy","Koopa Clown,Azure Roller,Parachute","Koopa Clown","Azure Roller","Parachute",1.75,4.5,2,4.75,3.25,5.75,22,3.9
"718"," Isabelle","Koopa Clown,Azure Roller,Parachute","Koopa Clown","Azure Roller","Parachute",1.75,4.5,2,4.75,3.25,5.75,22,3.9
"719","Toadette","Koopa Clown,Azure Roller,Cloud Glider","Koopa Clown","Azure Roller","Cloud Glider",1.75,4.5,2,4.75,3.25,5.75,22,3.9
"720"," Wendy","Koopa Clown,Azure Roller,Cloud Glider","Koopa Clown","Azure Roller","Cloud Glider",1.75,4.5,2,4.75,3.25,5.75,22,3.9
"721"," Isabelle","Koopa Clown,Azure Roller,Cloud Glider","Koopa Clown","Azure Roller","Cloud Glider",1.75,4.5,2,4.75,3.25,5.75,22,3.9
"722","Toadette","Koopa Clown,Azure Roller,Flower Glider","Koopa Clown","Azure Roller","Flower Glider",1.75,4.5,2,4.75,3.25,5.75,22,3.9
"723"," Wendy","Koopa Clown,Azure Roller,Flower Glider","Koopa Clown","Azure Roller","Flower Glider",1.75,4.5,2,4.75,3.25,5.75,22,3.9
"724"," Isabelle","Koopa Clown,Azure Roller,Flower Glider","Koopa Clown","Azure Roller","Flower Glider",1.75,4.5,2,4.75,3.25,5.75,22,3.9
"725","Toadette","Koopa Clown,Azure Roller,Peach Parasol","Koopa Clown","Azure Roller","Peach Parasol",1.75,4.5,2,4.75,3.25,5.75,22,3.9
"726"," Wendy","Koopa Clown,Azure Roller,Peach Parasol","Koopa Clown","Azure Roller","Peach Parasol",1.75,4.5,2,4.75,3.25,5.75,22,3.9
"727"," Isabelle","Koopa Clown,Azure Roller,Peach Parasol","Koopa Clown","Azure Roller","Peach Parasol",1.75,4.5,2,4.75,3.25,5.75,22,3.9
"728","Toadette","Koopa Clown,Azure Roller,Paper Glider","Koopa Clown","Azure Roller","Paper Glider",1.75,4.5,2,4.75,3.25,5.75,22,3.9
"729"," Wendy","Koopa Clown,Azure Roller,Paper Glider","Koopa Clown","Azure Roller","Paper Glider",1.75,4.5,2,4.75,3.25,5.75,22,3.9
"730"," Isabelle","Koopa Clown,Azure Roller,Paper Glider","Koopa Clown","Azure Roller","Paper Glider",1.75,4.5,2,4.75,3.25,5.75,22,3.9
"731","Wario","Tanooki Kart,Roller,Parachute","Tanooki Kart","Roller","Parachute",3.75,3.25,3.75,3.25,3,4.75,21.75,4.05
"732"," Dry Bowser","Tanooki Kart,Roller,Parachute","Tanooki Kart","Roller","Parachute",3.75,3.25,3.75,3.25,3,4.75,21.75,4.05
"733","Wario","Tanooki Kart,Roller,Cloud Glider","Tanooki Kart","Roller","Cloud Glider",3.75,3.25,3.75,3.25,3,4.75,21.75,4.05
"734"," Dry Bowser","Tanooki Kart,Roller,Cloud Glider","Tanooki Kart","Roller","Cloud Glider",3.75,3.25,3.75,3.25,3,4.75,21.75,4.05
"735","Wario","Tanooki Kart,Roller,Flower Glider","Tanooki Kart","Roller","Flower Glider",3.75,3.25,3.75,3.25,3,4.75,21.75,4.05
"736"," Dry Bowser","Tanooki Kart,Roller,Flower Glider","Tanooki Kart","Roller","Flower Glider",3.75,3.25,3.75,3.25,3,4.75,21.75,4.05
"737","Wario","Tanooki Kart,Roller,Peach Parasol","Tanooki Kart","Roller","Peach Parasol",3.75,3.25,3.75,3.25,3,4.75,21.75,4.05
"738"," Dry Bowser","Tanooki Kart,Roller,Peach Parasol","Tanooki Kart","Roller","Peach Parasol",3.75,3.25,3.75,3.25,3,4.75,21.75,4.05
"739","Wario","Tanooki Kart,Roller,Paper Glider","Tanooki Kart","Roller","Paper Glider",3.75,3.25,3.75,3.25,3,4.75,21.75,4.05
"740"," Dry Bowser","Tanooki Kart,Roller,Paper Glider","Tanooki Kart","Roller","Paper Glider",3.75,3.25,3.75,3.25,3,4.75,21.75,4.05
"741","Wario","Tanooki Kart,Azure Roller,Parachute","Tanooki Kart","Azure Roller","Parachute",3.75,3.25,3.75,3.25,3,4.75,21.75,4.05
"742"," Dry Bowser","Tanooki Kart,Azure Roller,Parachute","Tanooki Kart","Azure Roller","Parachute",3.75,3.25,3.75,3.25,3,4.75,21.75,4.05
"743","Wario","Tanooki Kart,Azure Roller,Cloud Glider","Tanooki Kart","Azure Roller","Cloud Glider",3.75,3.25,3.75,3.25,3,4.75,21.75,4.05
"744"," Dry Bowser","Tanooki Kart,Azure Roller,Cloud Glider","Tanooki Kart","Azure Roller","Cloud Glider",3.75,3.25,3.75,3.25,3,4.75,21.75,4.05
"745","Wario","Tanooki Kart,Azure Roller,Flower Glider","Tanooki Kart","Azure Roller","Flower Glider",3.75,3.25,3.75,3.25,3,4.75,21.75,4.05
"746"," Dry Bowser","Tanooki Kart,Azure Roller,Flower Glider","Tanooki Kart","Azure Roller","Flower Glider",3.75,3.25,3.75,3.25,3,4.75,21.75,4.05
"747","Wario","Tanooki Kart,Azure Roller,Peach Parasol","Tanooki Kart","Azure Roller","Peach Parasol",3.75,3.25,3.75,3.25,3,4.75,21.75,4.05
"748"," Dry Bowser","Tanooki Kart,Azure Roller,Peach Parasol","Tanooki Kart","Azure Roller","Peach Parasol",3.75,3.25,3.75,3.25,3,4.75,21.75,4.05
"749","Wario","Tanooki Kart,Azure Roller,Paper Glider","Tanooki Kart","Azure Roller","Paper Glider",3.75,3.25,3.75,3.25,3,4.75,21.75,4.05
"750"," Dry Bowser","Tanooki Kart,Azure Roller,Paper Glider","Tanooki Kart","Azure Roller","Paper Glider",3.75,3.25,3.75,3.25,3,4.75,21.75,4.05
"751","Wario","Koopa Clown,Roller,Parachute","Koopa Clown","Roller","Parachute",3.75,3.25,3.75,3.25,3,4.75,21.75,4.05
"752"," Dry Bowser","Koopa Clown,Roller,Parachute","Koopa Clown","Roller","Parachute",3.75,3.25,3.75,3.25,3,4.75,21.75,4.05
"753","Wario","Koopa Clown,Roller,Cloud Glider","Koopa Clown","Roller","Cloud Glider",3.75,3.25,3.75,3.25,3,4.75,21.75,4.05
"754"," Dry Bowser","Koopa Clown,Roller,Cloud Glider","Koopa Clown","Roller","Cloud Glider",3.75,3.25,3.75,3.25,3,4.75,21.75,4.05
"755","Wario","Koopa Clown,Roller,Flower Glider","Koopa Clown","Roller","Flower Glider",3.75,3.25,3.75,3.25,3,4.75,21.75,4.05
"756"," Dry Bowser","Koopa Clown,Roller,Flower Glider","Koopa Clown","Roller","Flower Glider",3.75,3.25,3.75,3.25,3,4.75,21.75,4.05
"757","Wario","Koopa Clown,Roller,Peach Parasol","Koopa Clown","Roller","Peach Parasol",3.75,3.25,3.75,3.25,3,4.75,21.75,4.05
"758"," Dry Bowser","Koopa Clown,Roller,Peach Parasol","Koopa Clown","Roller","Peach Parasol",3.75,3.25,3.75,3.25,3,4.75,21.75,4.05
"759","Wario","Koopa Clown,Roller,Paper Glider","Koopa Clown","Roller","Paper Glider",3.75,3.25,3.75,3.25,3,4.75,21.75,4.05
"760"," Dry Bowser","Koopa Clown,Roller,Paper Glider","Koopa Clown","Roller","Paper Glider",3.75,3.25,3.75,3.25,3,4.75,21.75,4.05
"761","Wario","Koopa Clown,Azure Roller,Parachute","Koopa Clown","Azure Roller","Parachute",3.75,3.25,3.75,3.25,3,4.75,21.75,4.05
"762"," Dry Bowser","Koopa Clown,Azure Roller,Parachute","Koopa Clown","Azure Roller","Parachute",3.75,3.25,3.75,3.25,3,4.75,21.75,4.05
"763","Wario","Koopa Clown,Azure Roller,Cloud Glider","Koopa Clown","Azure Roller","Cloud Glider",3.75,3.25,3.75,3.25,3,4.75,21.75,4.05
"764"," Dry Bowser","Koopa Clown,Azure Roller,Cloud Glider","Koopa Clown","Azure Roller","Cloud Glider",3.75,3.25,3.75,3.25,3,4.75,21.75,4.05
"765","Wario","Koopa Clown,Azure Roller,Flower Glider","Koopa Clown","Azure Roller","Flower Glider",3.75,3.25,3.75,3.25,3,4.75,21.75,4.05
"766"," Dry Bowser","Koopa Clown,Azure Roller,Flower Glider","Koopa Clown","Azure Roller","Flower Glider",3.75,3.25,3.75,3.25,3,4.75,21.75,4.05
"767","Wario","Koopa Clown,Azure Roller,Peach Parasol","Koopa Clown","Azure Roller","Peach Parasol",3.75,3.25,3.75,3.25,3,4.75,21.75,4.05
"768"," Dry Bowser","Koopa Clown,Azure Roller,Peach Parasol","Koopa Clown","Azure Roller","Peach Parasol",3.75,3.25,3.75,3.25,3,4.75,21.75,4.05
"769","Wario","Koopa Clown,Azure Roller,Paper Glider","Koopa Clown","Azure Roller","Paper Glider",3.75,3.25,3.75,3.25,3,4.75,21.75,4.05
"770"," Dry Bowser","Koopa Clown,Azure Roller,Paper Glider","Koopa Clown","Azure Roller","Paper Glider",3.75,3.25,3.75,3.25,3,4.75,21.75,4.05
